ID,Label,Type
"order:Carnivora","Carnivora","order"
"family:Unknown","Unknown","family"
"species:Protemnocyon inflatus","Protemnocyon inflatus","species"
"order:Ixodida","Ixodida","order"
"family:Ixodidae","Ixodidae","family"
"species:Nosomma monstrosum","Nosomma monstrosum","species"
"modality:Chemoreception","Chemoreception","modality"
"modality:Thermoreception","Thermoreception","modality"
"modality:Mechanoreception","Mechanoreception","modality"
"order:Accipitriformes","Accipitriformes","order"
"family:Accipitridae","Accipitridae","family"
"species:Wahlberg's eagle","Wahlberg's eagle","species"
"modality:Photoreception","Photoreception","modality"
"order:None","None","order"
"family:Viperidae","Viperidae","family"
"species:Sabah pit viper","Sabah pit viper","species"
"species:Ixodes monospinosus","Ixodes monospinosus","species"
"order:Diptera","Diptera","order"
"family:Culicidae","Culicidae","family"
"species:Sabethes forattinii","Sabethes forattinii","species"
"family:Felidae","Felidae","family"
"species:Felis colocolo","Felis colocolo","species"
"species:Oncilla","Oncilla","species"
"sub_type:Auditory Communication","Auditory Communication","sub_type"
"sub_type:Tactile Communication","Tactile Communication","sub_type"
"family:Ursidae","Ursidae","family"
"species:Platykopus stuartjohnstoni","Platykopus stuartjohnstoni","species"
"order:Actinedida","Actinedida","order"
"family:Harpirhynchidae","Harpirhynchidae","family"
"species:Harpyrhynchoides accipiter","Harpyrhynchoides accipiter","species"
"order:Siphonaptera","Siphonaptera","order"
"family:Tungidae","Tungidae","family"
"species:Tunga penetrans","Tunga penetrans","species"
"species:Rhipicephalus ramachandrai","Rhipicephalus ramachandrai","species"
"species:Elephas ekorensis","Elephas ekorensis","species"
"order:Lamniformes","Lamniformes","order"
"family:Pseudocarchariidae","Pseudocarchariidae","family"
"species:Great White Shark","Great White Shark","species"
"modality:Electroreception","Electroreception","modality"
"species:Cougar","Cougar","species"
"order:Hymenoptera","Hymenoptera","order"
"family:Formicidae","Formicidae","family"
"species:Camponotus pilicornis","Camponotus pilicornis","species"
"order:Primates","Primates","order"
"family:Hominidae","Hominidae","family"
"species:Sivapithecus alpani","Sivapithecus alpani","species"
"species:Haemaphysalis calva","Haemaphysalis calva","species"
"species:Chimpanzee","Chimpanzee","species"
"family:Canidae","Canidae","family"
"species:Short-eared dog","Short-eared dog","species"
"species:Anopheles mosquito","Anopheles mosquito","species"
"species:Elephas iolensis","Elephas iolensis","species"
"order:Oligacanthorhynchida","Oligacanthorhynchida","order"
"family:Oligacanthorhynchidae","Oligacanthorhynchidae","family"
"species:Crab-Eating Fox Worm","Crab-Eating Fox Worm","species"
"species:Camponotus britteni","Camponotus britteni","species"
"species:Chestnut-shouldered goshawk","Chestnut-shouldered goshawk","species"
"order:Cetacea","Cetacea","order"
"species:Star-nosed mole","Star-nosed mole","species"
"species:Felis geoffroyi","Felis geoffroyi","species"
"species:Gigantohierax suarezi","Gigantohierax suarezi","species"
"species:Ixodes fynbosensis","Ixodes fynbosensis","species"
"species:Sabethes xhyphydes","Sabethes xhyphydes","species"
"order:Trombidiformes","Trombidiformes","order"
"family:Scutacaridae","Scutacaridae","family"
"species:Imparipes malus","Imparipes malus","species"
"species:Fiji goshawk","Fiji goshawk","species"
"species:Florida spectacled bear","Florida spectacled bear","species"
"species:Ixodes muniensis","Ixodes muniensis","species"
"species:Amblyomma eburneum","Amblyomma eburneum","species"
"species:Serval","Serval","species"
"species:Sulawesi serpent eagle","Sulawesi serpent eagle","species"
"order:Sarcoptiformes","Sarcoptiformes","order"
"family:Pterolichidae","Pterolichidae","family"
"species:Pseudalloptinus milvulinus","Pseudalloptinus milvulinus","species"
"species:Lion","Lion","species"
"order:Strigiformes","Strigiformes","order"
"family:Strigidae","Strigidae","family"
"species:Great horned owl","Great horned owl","species"
"species:Hercules ant","Hercules ant","species"
"species:Felidae spec.","Felidae spec.","species"
"species:Lynx caracal","Lynx caracal","species"
"species:Camponotus piceus","Camponotus piceus","species"
"species:Western Gorilla","Western Gorilla","species"
"order:Squamata","Squamata","order"
"species:Western diamondback rattlesnake","Western diamondback rattlesnake","species"
"species:Zaragocyon daamsi","Zaragocyon daamsi","species"
"species:Hyalomma isaaci","Hyalomma isaaci","species"
"species:Camponotus thales","Camponotus thales","species"
"family:Rhopalopsyllidae","Rhopalopsyllidae","family"
"species:Polygenis acodontis","Polygenis acodontis","species"
"species:Camponotus thoracicus","Camponotus thoracicus","species"
"species:Asian black bear","Asian black bear","species"
"order:Falconiformes","Falconiformes","order"
"family:Falconidae","Falconidae","family"
"species:Peregrine falcon","Peregrine falcon","species"
"species:Jungle cat","Jungle cat","species"
"species:Spot-tailed sparrowhawk","Spot-tailed sparrowhawk","species"
"species:Elephas beyeri","Elephas beyeri","species"
"order:Gymnotiformes","Gymnotiformes","order"
"species:Electric Eel","Electric Eel","species"
"sub_type:Electric Field Generation","Electric Field Generation","sub_type"
"species:Carpenter Ant","Carpenter Ant","species"
"species:Amblyomma astrion","Amblyomma astrion","species"
"species:Rock dove","Rock dove","species"
"species:Haemaphysalis paraturturis","Haemaphysalis paraturturis","species"
"species:Dermacentor latus","Dermacentor latus","species"
"species:Dermacentor circumguttatus","Dermacentor circumguttatus","species"
"family:Apidae","Apidae","family"
"species:Apidae melisuga","Apidae melisuga","species"
"order:Hypocreales","Hypocreales","order"
"family:Cordycipitaceae","Cordycipitaceae","family"
"species:Simplicillium formicidae","Simplicillium formicidae","species"
"species:Camponotus saxatilis","Camponotus saxatilis","species"
"order:Mesostigmata","Mesostigmata","order"
"family:Varroidae","Varroidae","family"
"species:Varroa mite","Varroa mite","species"
"species:Polygenis platensis","Polygenis platensis","species"
"species:Camponotus lateralis","Camponotus lateralis","species"
"family:Erythraeidae","Erythraeidae","family"
"species:Forania sendrai","Forania sendrai","species"
"species:Felis badia","Felis badia","species"
"species:Fishing cat","Fishing cat","species"
"order:Semaeostomeae","Semaeostomeae","order"
"family:Ulmaridae","Ulmaridae","family"
"species:Australian box jelly","Australian box jelly","species"
"species:Haemaphysalis semermis","Haemaphysalis semermis","species"
"order:Chiroptera","Chiroptera","order"
"family:Emballonuridae","Emballonuridae","family"
"species:Platypus","Platypus","species"
"species:Iberian lynx","Iberian lynx","species"
"species:Rhipicephalus compositus","Rhipicephalus compositus","species"
"species:Rhipicephalus maculatus","Rhipicephalus maculatus","species"
"order:Unknown","Unknown","order"
"species:Kenyapithecus africanus","Kenyapithecus africanus","species"
"species:Haemaphysalis megaspinosa","Haemaphysalis megaspinosa","species"
"order:Teuthida","Teuthida","order"
"species:Giant squid","Giant squid","species"
"species:Sand cat","Sand cat","species"
"sub_type:Cutaneous","Cutaneous","sub_type"
"family:Delphinidae","Delphinidae","family"
"species:Common bottlenose dolphin","Common bottlenose dolphin","species"
"sub_type:Echolocation","Echolocation","sub_type"
"species:Svastrides melanura","Svastrides melanura","species"
"species:Tiamastus palpalis","Tiamastus palpalis","species"
"species:Dermacentor bellulus","Dermacentor bellulus","species"
"order:Octopoda","Octopoda","order"
"species:Common octopus","Common octopus","species"
"sub_type:Shape Discrimination","Shape Discrimination","sub_type"
"sub_type:Size Discrimination","Size Discrimination","sub_type"
"sub_type:Orientation Discrimination","Orientation Discrimination","sub_type"
"species:Pied goshawk","Pied goshawk","species"
"species:Koala","Koala","species"
"species:Falkland Islands wolf","Falkland Islands wolf","species"
"species:Sumatran pitviper","Sumatran pitviper","species"
"species:Eritranis andricus","Eritranis andricus","species"
"species:Camponotus fedtschenkoi","Camponotus fedtschenkoi","species"
"species:red-tailed bamboo pitviper","red-tailed bamboo pitviper","species"
"species:Rhipicephalus zambeziensis","Rhipicephalus zambeziensis","species"
"species:Bonobo","Bonobo","species"
"species:Hyalomma hussaini","Hyalomma hussaini","species"
"species:Western honey bee","Western honey bee","species"
"order:Rhabditida","Rhabditida","order"
"family:Rhabditidae","Rhabditidae","family"
"species:Diploscapter formicidae","Diploscapter formicidae","species"
"order:Lepidoptera","Lepidoptera","order"
"family:Nymphalidae","Nymphalidae","family"
"species:Monarch butterfly","Monarch butterfly","species"
"family:None","None","family"
"species:Human flea","Human flea","species"
"species:Haemaphysalis caucasica","Haemaphysalis caucasica","species"
"order:Anura","Anura","order"
"family:Ranidae","Ranidae","family"
"species:Wood frog","Wood frog","species"
"order:Proboscidea","Proboscidea","order"
"family:Elephantidae","Elephantidae","family"
"species:Elephantidae gen","Elephantidae gen","species"
"order:Sceptrulophora","Sceptrulophora","order"
"family:Dactylocalycidae","Dactylocalycidae","family"
"species:peacock mantis shrimp","peacock mantis shrimp","species"
"family:Vespertilionidae","Vespertilionidae","family"
"species:canyon bat","canyon bat","species"
"species:European wildcat","European wildcat","species"
"species:Oncicola","Oncicola","species"
"sub_type:Fluid Transport","Fluid Transport","sub_type"
"family:Xolalgidae","Xolalgidae","family"
"species:Dubininia africana","Dubininia africana","species"
"family:Phyllostomidae","Phyllostomidae","family"
"species:Common vampire bat","Common vampire bat","species"
"species:Hominidae spec.","Hominidae spec.","species"
"species:Rhipicephalus dux","Rhipicephalus dux","species"
"species:Archaehierax sylvestris","Archaehierax sylvestris","species"
"species:Camponotus cruentatus","Camponotus cruentatus","species"
"order:unknown","unknown","order"
"species:Kenyapithecus wickeri","Kenyapithecus wickeri","species"
"sub_type:Dental","Dental","sub_type"
"species:Gamssulzen Cave bear","Gamssulzen Cave bear","species"
"order:Polymorphida","Polymorphida","order"
"family:Centrorhynchidae","Centrorhynchidae","family"
"species:Centrorhynchus guira","Centrorhynchus guira","species"
"species:Tapanuli orangutan","Tapanuli orangutan","species"
"species:Ouranopithecus macedoniensis","Ouranopithecus macedoniensis","species"
"species:Camponotus tergestinus","Camponotus tergestinus","species"
"family:Cheylabididae","Cheylabididae","family"
"species:Cheylabis latus","Cheylabis latus","species"
"species:Amblyomma fuscum","Amblyomma fuscum","species"
"order:Rodentia","Rodentia","order"
"family:Dipodidae","Dipodidae","family"
"species:Naked mole-rat","Naked mole-rat","species"
"species:kodkod","kodkod","species"
"species:Bobcat","Bobcat","species"
"species:Amblyomma splendidum","Amblyomma splendidum","species"
"family:Laelapidae","Laelapidae","family"
"species:Dinogamasus tonkinensis","Dinogamasus tonkinensis","species"
"sub_type:General Mechanoreception","General Mechanoreception","sub_type"
"sub_type:General Chemoreception","General Chemoreception","sub_type"
"species:Burmaculex","Burmaculex","species"
"species:Haemaphysalis elliptica","Haemaphysalis elliptica","species"
"family:Syringophilidae","Syringophilidae","family"
"species:Neoaulobia mironovi","Neoaulobia mironovi","species"
"species:Chinese mountain cat","Chinese mountain cat","species"
"order:Diplostomida","Diplostomida","order"
"family:Strigeidae","Strigeidae","family"
"species:Strigea meridionalis","Strigea meridionalis","species"
"sub_type:General Photoreception","General Photoreception","sub_type"
"species:White-lipped pit viper","White-lipped pit viper","species"
"species:Barred honey buzzard","Barred honey buzzard","species"
"species:Palaeohierax gervaisii","Palaeohierax gervaisii","species"
"order:Charadriiformes","Charadriiformes","order"
"species:Arctic tern","Arctic tern","species"
"species:Pallas's cat","Pallas's cat","species"
"order:Peramelemorphia","Peramelemorphia","order"
"family:Peramelidae","Peramelidae","family"
"species:African bush elephant","African bush elephant","species"
"species:Straight-tusked elephant","Straight-tusked elephant","species"
"species:Anoiapithecus","Anoiapithecus","species"
"modality:Other","Other","modality"
"sub_type:Habitat Preference","Habitat Preference","sub_type"
"species:Amblyomma tholloni","Amblyomma tholloni","species"
"species:Moluccan goshawk","Moluccan goshawk","species"
"order:N/A","N/A","order"
"species:Palaeoloxodon recki","Palaeoloxodon recki","species"
"species:Demodex cyonis","Demodex cyonis","species"
"species:Lawrencipicobia poicephali","Lawrencipicobia poicephali","species"
"family:Ereynetidae","Ereynetidae","family"
"species:Psittaboydaia psittaculae","Psittaboydaia psittaculae","species"
"species:Human","Human","species"
"sub_type:General Cognition","General Cognition","sub_type"
"species:Cretan dwarf mammoth","Cretan dwarf mammoth","species"
"species:Haemaphysalis nepalensis","Haemaphysalis nepalensis","species"
"family:Pulicidae","Pulicidae","family"
"species:Dog flea","Dog flea","species"
"family:Varanidae","Varanidae","family"
"species:Komodo dragon","Komodo dragon","species"
"species:Accipitridae spec.","Accipitridae spec.","species"
"species:Felis irionwtensis","Felis irionwtensis","species"
"order:Unspecified","Unspecified","order"
"species:Ferrucyon","Ferrucyon","species"
"species:ocelot","ocelot","species"
"sub_type:General","General","sub_type"
"family:Pennatulidae","Pennatulidae","family"
"family:Diclybothriidae","Diclybothriidae","family"
"order:Diclybothriidea","Diclybothriidea","order"
"family:Lepidosirenidae","Lepidosirenidae","family"
"order:Not Available","Not Available","order"
"family:Asterinidae","Asterinidae","family"
"order:Valvatida","Valvatida","order"
"family:Trichomycteridae","Trichomycteridae","family"
"order:Siluriformes","Siluriformes","order"
"family:Monocotylidae","Monocotylidae","family"
"order:Monogenea","Monogenea","order"
"family:Rhadinorhynchidae","Rhadinorhynchidae","family"
"order:Echinorhynchida","Echinorhynchida","order"
"family:Microstomidae","Microstomidae","family"
"order:Macrostomida","Macrostomida","order"
"family:Caprellidae","Caprellidae","family"
"order:Amphipoda","Amphipoda","order"
"family:Liparidae","Liparidae","family"
"order:Scorpaeniformes","Scorpaeniformes","order"
"family:Limifossoridae","Limifossoridae","family"
"order:Chaetodermatida","Chaetodermatida","order"
"family:Merulinidae","Merulinidae","family"
"order:Scleractinia","Scleractinia","order"
"family:Yoldiidae","Yoldiidae","family"
"order:Nuculanida","Nuculanida","order"
"family:Atollidae","Atollidae","family"
"order:Coronatae","Coronatae","order"
"modality:bioluminescence","bioluminescence","modality"
"family:Spinavaculidae","Spinavaculidae","family"
"order:Multivalvulida","Multivalvulida","order"
"family:Moridae","Moridae","family"
"family:Gelyellidae","Gelyellidae","family"
"order:Gelyelloida","Gelyelloida","order"
"family:Hypsibiidae","Hypsibiidae","family"
"order:Eutardigrada","Eutardigrada","order"
"family:Akeridae","Akeridae","family"
"order:Opisthobranchia","Opisthobranchia","order"
"family:Pyuridae","Pyuridae","family"
"family:Onychognathiidae","Onychognathiidae","family"
"order:Bursovaginoidea","Bursovaginoidea","order"
"family:Spongillidae","Spongillidae","family"
"family:Styraconyxidae","Styraconyxidae","family"
"family:Orthophlebiidae","Orthophlebiidae","family"
"order:Mecoptera","Mecoptera","order"
"family:Fringillidae","Fringillidae","family"
"order:Passeriformes","Passeriformes","order"
"family:Paranebaliidae","Paranebaliidae","family"
"order:Leptostraca","Leptostraca","order"
"family:Diphyllobothriidae","Diphyllobothriidae","family"
"order:Cestoda","Cestoda","order"
"family:Haliotidae","Haliotidae","family"
"order:Not provided in context","Not provided in context","order"
"family:Pharidae","Pharidae","family"
"order:Adapedonta","Adapedonta","order"
"family:Blaniulidae","Blaniulidae","family"
"order:Julida","Julida","order"
"family:Whiteiidae","Whiteiidae","family"
"order:Coelacanthiformes","Coelacanthiformes","order"
"family:Seguenziidae","Seguenziidae","family"
"family:Pristidae","Pristidae","family"
"order:Rajiformes","Rajiformes","order"
"family:Xyalidae","Xyalidae","family"
"order:Monhysterida","Monhysterida","order"
"family:Hypopomidae","Hypopomidae","family"
"family:Rossellidae","Rossellidae","family"
"order:Lyssacinosa","Lyssacinosa","order"
"family:Rathouisiidae","Rathouisiidae","family"
"order:Pulmonata","Pulmonata","order"
"family:Cervidae","Cervidae","family"
"order:Artiodactyla","Artiodactyla","order"
"family:Cricetidae","Cricetidae","family"
"family:Aplysinidae","Aplysinidae","family"
"order:Verongiida","Verongiida","order"
"family:Glomeridellidae","Glomeridellidae","family"
"order:Glomerida","Glomerida","order"
"family:Euphrosinidae","Euphrosinidae","family"
"family:Nyctitheriidae","Nyctitheriidae","family"
"order:Eulipotyphla","Eulipotyphla","order"
"family:Onychiuridae","Onychiuridae","family"
"order:Collembola","Collembola","order"
"family:Orycteropodidae","Orycteropodidae","family"
"order:Tubulidentata","Tubulidentata","order"
"family:Squatinidae","Squatinidae","family"
"order:Squatiniformes","Squatiniformes","order"
"family:Spongiidae","Spongiidae","family"
"order:Dictyoceratida","Dictyoceratida","order"
"family:Diplostomidae","Diplostomidae","family"
"family:Trombiculidae","Trombiculidae","family"
"order:Prostigmata (implied)","Prostigmata (implied)","order"
"modality:hygroreception","hygroreception","modality"
"family:Actiniidae","Actiniidae","family"
"order:Actiniaria","Actiniaria","order"
"family:Echiuridae","Echiuridae","family"
"order:Echiurida","Echiurida","order"
"family:Antedonidae","Antedonidae","family"
"order:Comatulida","Comatulida","order"
"family:Psychropotidae","Psychropotidae","family"
"family:Cyrenidae","Cyrenidae","family"
"order:Venerida","Venerida","order"
"family:Clypeasteridae","Clypeasteridae","family"
"order:Clypeasteroida","Clypeasteroida","order"
"family:Gastrochaenidae","Gastrochaenidae","family"
"order:Gastrochaenida","Gastrochaenida","order"
"family:Phyllophoridae","Phyllophoridae","family"
"family:Isotomidae","Isotomidae","family"
"order:Entomobryomorpha","Entomobryomorpha","order"
"family:Antennariidae","Antennariidae","family"
"order:Lophiiformes","Lophiiformes","order"
"family:Pleurobranchaeidae","Pleurobranchaeidae","family"
"order:Pleurobranchomorpha","Pleurobranchomorpha","order"
"family:Pyrirhynchidae","Pyrirhynchidae","family"
"order:Heteramorphida","Heteramorphida","order"
"family:Tainoceratidae","Tainoceratidae","family"
"order:Nautilida","Nautilida","order"
"family:Rheidae","Rheidae","family"
"family:Actinocyclidae","Actinocyclidae","family"
"order:Nudibranchia","Nudibranchia","order"
"family:Tetillidae","Tetillidae","family"
"family:Geinitziidae","Geinitziidae","family"
"order:Grylloblattida / Reculida","Grylloblattida / Reculida","order"
"family:Bathysciadiidae","Bathysciadiidae","family"
"family:Polyplacotomidae","Polyplacotomidae","family"
"family:Terebratulidae","Terebratulidae","family"
"family:Luidiidae","Luidiidae","family"
"family:Hyalonematidae","Hyalonematidae","family"
"order:Amphidiscosida","Amphidiscosida","order"
"family:Amphoriscidae","Amphoriscidae","family"
"order:Leucosolenida","Leucosolenida","order"
"family:Meinertellidae","Meinertellidae","family"
"order:Archaeognatha","Archaeognatha","order"
"family:Lampeidae","Lampeidae","family"
"order:Cydippida","Cydippida","order"
"family:Synodontidae","Synodontidae","family"
"order:Aulopiformes","Aulopiformes","order"
"family:Acroporidae","Acroporidae","family"
"family:Meyliidae","Meyliidae","family"
"order:Desmoscolecida","Desmoscolecida","order"
"family:Cathartidae","Cathartidae","family"
"order:Not specified","Not specified","order"
"family:Thalassocalycidae","Thalassocalycidae","family"
"order:Thalassocalycida","Thalassocalycida","order"
"family:Scorpionidae","Scorpionidae","family"
"order:Scorpiones","Scorpiones","order"
"family:Lernaeopodidae","Lernaeopodidae","family"
"order:Siphonostomatoida","Siphonostomatoida","order"
"family:Trigoniidae","Trigoniidae","family"
"family:Heptageniidae","Heptageniidae","family"
"order:Ephemeroptera","Ephemeroptera","order"
"family:Antipathidae","Antipathidae","family"
"order:Antipatharia","Antipatharia","order"
"family:Chanidae","Chanidae","family"
"order:Gonorhynchiformes","Gonorhynchiformes","order"
"family:Scolopocryptopidae","Scolopocryptopidae","family"
"order:Scolopendromorpha","Scolopendromorpha","order"
"family:Nucinellidae","Nucinellidae","family"
"order:Solemyida","Solemyida","order"
"family:Craticulariidae","Craticulariidae","family"
"family:Streptaxidae","Streptaxidae","family"
"order:Stylommatophora","Stylommatophora","order"
"family:Lycosidae","Lycosidae","family"
"order:Araneae","Araneae","order"
"family:Pteroclidae","Pteroclidae","family"
"order:Pterocliformes","Pterocliformes","order"
"family:Notopteridae","Notopteridae","family"
"order:Osteoglossiformes","Osteoglossiformes","order"
"family:Microcionidae","Microcionidae","family"
"family:Stygocarididae","Stygocarididae","family"
"order:Anaspidacea","Anaspidacea","order"
"family:Philomedidae","Philomedidae","family"
"order:Myodocopida","Myodocopida","order"
"family:Desmoscolecidae","Desmoscolecidae","family"
"family:Caryophyllaeidae","Caryophyllaeidae","family"
"order:Caryophyllidea","Caryophyllidea","order"
"family:Asteronychidae","Asteronychidae","family"
"order:Euryalida","Euryalida","order"
"family:Fimbriidae","Fimbriidae","family"
"family:Galaxiidae","Galaxiidae","family"
"family:Dolichomacrostomidae","Dolichomacrostomidae","family"
"order:Macrostomorpha","Macrostomorpha","order"
"family:Pheronematidae","Pheronematidae","family"
"family:Muraenidae","Muraenidae","family"
"family:Soleidae","Soleidae","family"
"order:Unspecified (Flatfishes)","Unspecified (Flatfishes)","order"
"family:Pyralidae","Pyralidae","family"
"family:Halocyprididae","Halocyprididae","family"
"order:Halocyprida","Halocyprida","order"
"family:Schistosomatidae","Schistosomatidae","family"
"family:Stomiidae","Stomiidae","family"
"family:Tynommatidae","Tynommatidae","family"
"order:Callipodida","Callipodida","order"
"family:Ptychogastriidae","Ptychogastriidae","family"
"order:Trachymedusae","Trachymedusae","order"
"family:Stichocotylidae","Stichocotylidae","family"
"order:Stichocotylida","Stichocotylida","order"
"family:Neocentrophyidae","Neocentrophyidae","family"
"family:Temnopleuridae","Temnopleuridae","family"
"order:Echinoida","Echinoida","order"
"family:Tinamidae","Tinamidae","family"
"order:Tinamiformes","Tinamiformes","order"
"family:Sphaerotheriidae","Sphaerotheriidae","family"
"order:Diplopoda","Diplopoda","order"
"family:Pholadidae","Pholadidae","family"
"family:Tripylidae","Tripylidae","family"
"order:Enoplida","Enoplida","order"
"family:Sulidae","Sulidae","family"
"family:Gnathophausiidae","Gnathophausiidae","family"
"order:Lophogastrida","Lophogastrida","order"
"family:Phalacrocoracidae","Phalacrocoracidae","family"
"family:Minchinellidae","Minchinellidae","family"
"order:Lithonida","Lithonida","order"
"family:Themistidae","Themistidae","family"
"order:Sipunculida","Sipunculida","order"
"family:Gomphidae","Gomphidae","family"
"order:Odonata","Odonata","order"
"family:Krohnittidae","Krohnittidae","family"
"order:Aphragmophora","Aphragmophora","order"
"family:Spadellidae","Spadellidae","family"
"order:Phragmophora","Phragmophora","order"
"family:Polycopidae","Polycopidae","family"
"family:Chernetidae","Chernetidae","family"
"order:Pseudoscorpiones","Pseudoscorpiones","order"
"family:Monodellidae","Monodellidae","family"
"order:Thermosbaenacea","Thermosbaenacea","order"
"family:Halicryptidae","Halicryptidae","family"
"order:Priapulida","Priapulida","order"
"family:Holocentridae","Holocentridae","family"
"order:Beryciformes","Beryciformes","order"
"family:Clionaidae","Clionaidae","family"
"order:Hadromerida","Hadromerida","order"
"family:Stelligeridae","Stelligeridae","family"
"order:Axinellida","Axinellida","order"
"family:Rugogastridae","Rugogastridae","family"
"order:Aspidogastrida","Aspidogastrida","order"
"family:Gadilidae","Gadilidae","family"
"order:Gadilida","Gadilida","order"
"family:Propeamussiidae","Propeamussiidae","family"
"order:Pectinida","Pectinida","order"
"family:Dalatiidae","Dalatiidae","family"
"order:Squaliformes","Squaliformes","order"
"family:Barentsiidae","Barentsiidae","family"
"order:Solitaria","Solitaria","order"
"family:Ergasilidae","Ergasilidae","family"
"order:Copepoda","Copepoda","order"
"family:Limnognathiidae","Limnognathiidae","family"
"family:Fredericellidae","Fredericellidae","family"
"order:Plumatellida","Plumatellida","order"
"family:Hirsutiidae","Hirsutiidae","family"
"order:Bochusacea/Mictacea","Bochusacea/Mictacea","order"
"family:Brachypauropodidae","Brachypauropodidae","family"
"order:Tetramerocerata","Tetramerocerata","order"
"family:Amphilinidae","Amphilinidae","family"
"order:Amphilinidea","Amphilinidea","order"
"family:Glyptocidaridae","Glyptocidaridae","family"
"order:Stomopneustoida","Stomopneustoida","order"
"family:Narcinidae","Narcinidae","family"
"order:Torpediniformes","Torpediniformes","order"
"family:Onuphidae","Onuphidae","family"
"family:Phasmatidae","Phasmatidae","family"
"order:Phasmatodea","Phasmatodea","order"
"family:Chtenopterygidae","Chtenopterygidae","family"
"family:Blenniidae","Blenniidae","family"
"order:Blenniiformes","Blenniiformes","order"
"family:Aplysiidae","Aplysiidae","family"
"order:Anaspidea","Anaspidea","order"
"family:Acroreiidae","Acroreiidae","family"
"family:Caudinidae","Caudinidae","family"
"family:Stichasteridae","Stichasteridae","family"
"order:Forcipulatida","Forcipulatida","order"
"family:Tulumellidae","Tulumellidae","family"
"family:Neanuridae","Neanuridae","family"
"order:Poduromorpha","Poduromorpha","order"
"family:Chirocephalidae","Chirocephalidae","family"
"order:Anostraca (inferred)","Anostraca (inferred)","order"
"family:Hemipneustidae","Hemipneustidae","family"
"family:Zelinkaderidae","Zelinkaderidae","family"
"order:Cyclorhagida","Cyclorhagida","order"
"family:Lichenoporidae","Lichenoporidae","family"
"order:Cyclostomatida","Cyclostomatida","order"
"family:Cypraeidae","Cypraeidae","family"
"order:Not specified in context","Not specified in context","order"
"family:Scheloribatidae","Scheloribatidae","family"
"family:Oncholaimidae","Oncholaimidae","family"
"family:Zenarchopteridae","Zenarchopteridae","family"
"order:Beloniformes","Beloniformes","order"
"family:Trochilidae","Trochilidae","family"
"family:Bathynellidae","Bathynellidae","family"
"order:Bathynellacea","Bathynellacea","order"
"family:Tylodinidae","Tylodinidae","family"
"family:Asellidae","Asellidae","family"
"order:Isopoda","Isopoda","order"
"family:Lumbrineridae","Lumbrineridae","family"
"order:Eunicida","Eunicida","order"
"family:Ramphastidae","Ramphastidae","family"
"family:Soricidae","Soricidae","family"
"family:Nephtheidae","Nephtheidae","family"
"family:Mantophasmatidae","Mantophasmatidae","family"
"order:Mantophasmatodea","Mantophasmatodea","order"
"family:Diphyidae","Diphyidae","family"
"order:Siphonophorae","Siphonophorae","order"
"family:Mertensiidae","Mertensiidae","family"
"family:Lauridae","Lauridae","family"
"order:Laurida","Laurida","order"
"family:Ophiodermatidae","Ophiodermatidae","family"
"order:Ophiacanthida","Ophiacanthida","order"
"family:Geoplanidae","Geoplanidae","family"
"order:Unclear from context","Unclear from context","order"
"family:Chirodropidae","Chirodropidae","family"
"order:Chirodropida","Chirodropida","order"
"family:Ateleopodidae","Ateleopodidae","family"
"order:Ateleopodiformes","Ateleopodiformes","order"
"family:Siphoniulidae","Siphoniulidae","family"
"order:Siphoniulida","Siphoniulida","order"
"family:Nereididae","Nereididae","family"
"family:Astropectinidae","Astropectinidae","family"
"order:Paxillosida","Paxillosida","order"
"family:Balaenopteridae","Balaenopteridae","family"
"family:Hamacanthidae","Hamacanthidae","family"
"order:Merliida","Merliida","order"
"family:Loxosomatidae","Loxosomatidae","family"
"order:Coloniales","Coloniales","order"
"family:Equidae","Equidae","family"
"order:Perissodactyla","Perissodactyla","order"
"family:Tetrabothriidae","Tetrabothriidae","family"
"order:Tetrabothriidea","Tetrabothriidea","order"
"family:Phalangeridae","Phalangeridae","family"
"order:Diprotodontia","Diprotodontia","order"
"family:Panorpidae","Panorpidae","family"
"family:Ateluridae","Ateluridae","family"
"order:Zygentoma","Zygentoma","order"
"family:Cariamidae","Cariamidae","family"
"order:Cariamiformes","Cariamiformes","order"
"family:Thalassematidae","Thalassematidae","family"
"family:Menoponidae","Menoponidae","family"
"order:Phthiraptera","Phthiraptera","order"
"family:Rhabderemiidae","Rhabderemiidae","family"
"order:Biemnida","Biemnida","order"
"family:Bellinuridae","Bellinuridae","family"
"order:Xiphosura","Xiphosura","order"
"family:Ophidiidae","Ophidiidae","family"
"order:Ophidiiformes","Ophidiiformes","order"
"family:Albulidae","Albulidae","family"
"order:Albuliformes","Albuliformes","order"
"family:Euphausiidae","Euphausiidae","family"
"order:Euphausiacea","Euphausiacea","order"
"family:Guadalupiidae","Guadalupiidae","family"
"family:Golfingiidae","Golfingiidae","family"
"order:Sipuncula","Sipuncula","order"
"family:Hylidae","Hylidae","family"
"family:Freyellidae","Freyellidae","family"
"order:Brisingida","Brisingida","order"
"family:Callochitonidae","Callochitonidae","family"
"order:Chitonida","Chitonida","order"
"family:Polypteridae","Polypteridae","family"
"order:Polypteriformes","Polypteriformes","order"
"family:Manidae","Manidae","family"
"family:Phoeniculidae","Phoeniculidae","family"
"family:Etmopteridae","Etmopteridae","family"
"family:Philopteridae","Philopteridae","family"
"order:Psocodea","Psocodea","order"
"family:Mammutidae","Mammutidae","family"
"family:Ampeliscidae","Ampeliscidae","family"
"family:Convolutidae","Convolutidae","family"
"order:Acoela","Acoela","order"
"family:Anisolabididae","Anisolabididae","family"
"order:Dermaptera","Dermaptera","order"
"family:Raspailiidae","Raspailiidae","family"
"family:Plethodontidae","Plethodontidae","family"
"order:Urodela","Urodela","order"
"family:Sabellidae","Sabellidae","family"
"family:Millotauropodidae","Millotauropodidae","family"
"order:Hexamerocerata","Hexamerocerata","order"
"family:Monognathidae","Monognathidae","family"
"family:Protomonotresidae","Protomonotresidae","family"
"order:Prolecithophora","Prolecithophora","order"
"family:Desmodoridae","Desmodoridae","family"
"order:Desmodorida","Desmodorida","order"
"family:Sagittidae","Sagittidae","family"
"family:Lernaeodiscidae","Lernaeodiscidae","family"
"family:Trimusculidae","Trimusculidae","family"
"order:Eupulmonata","Eupulmonata","order"
"family:Eucopiidae","Eucopiidae","family"
"family:Notodelphyidae","Notodelphyidae","family"
"order:Cyclopoida","Cyclopoida","order"
"family:Escavadodontidae","Escavadodontidae","family"
"order:Palaeanodonta","Palaeanodonta","order"
"family:Exocoetidae","Exocoetidae","family"
"family:Pedinidae","Pedinidae","family"
"family:Derocheilocarididae","Derocheilocarididae","family"
"order:Mystacocaridida","Mystacocaridida","order"
"family:Cosmetidae","Cosmetidae","family"
"order:Opiliones","Opiliones","order"
"family:Zeilleriidae","Zeilleriidae","family"
"order:Terebratulida","Terebratulida","order"
"family:Phasianidae","Phasianidae","family"
"family:Otididae","Otididae","family"
"family:Mugilidae","Mugilidae","family"
"family:Anaspidesidae","Anaspidesidae","family"
"family:Struthionidae","Struthionidae","family"
"order:Struthioniformes","Struthioniformes","order"
"family:Thylacinidae","Thylacinidae","family"
"order:Dasyuromorphia","Dasyuromorphia","order"
"family:Prayidae","Prayidae","family"
"family:Cambaridae","Cambaridae","family"
"order:Decapoda","Decapoda","order"
"family:Siphonariidae","Siphonariidae","family"
"family:Dasyuridae","Dasyuridae","family"
"family:Bythitidae","Bythitidae","family"
"family:Echinoderidae","Echinoderidae","family"
"family:Zoanthidae","Zoanthidae","family"
"family:Rallidae","Rallidae","family"
"order:Gruiformes","Gruiformes","order"
"family:Limacinidae","Limacinidae","family"
"order:Thecosomata","Thecosomata","order"
"family:Mordaciidae","Mordaciidae","family"
"family:Cyatholaimidae","Cyatholaimidae","family"
"family:Irciniidae","Irciniidae","family"
"family:Bentheuphausiidae","Bentheuphausiidae","family"
"family:Sinuolineidae","Sinuolineidae","family"
"order:Bivalvulida","Bivalvulida","order"
"family:Talpidae","Talpidae","family"
"family:Tellinidae","Tellinidae","family"
"order:Cardiida","Cardiida","order"
"family:Brontotheriidae","Brontotheriidae","family"
"family:Aeginidae","Aeginidae","family"
"order:Narcomedusae","Narcomedusae","order"
"family:Diplommatinidae","Diplommatinidae","family"
"family:Rhinocricidae","Rhinocricidae","family"
"order:Spirobolida","Spirobolida","order"
"family:Polymixiidae","Polymixiidae","family"
"order:Polymixiiformes","Polymixiiformes","order"
"family:Baetidae","Baetidae","family"
"family:Sagartiidae","Sagartiidae","family"
"family:Pauropodidae","Pauropodidae","family"
"family:Mustelidae","Mustelidae","family"
"family:Dimylidae","Dimylidae","family"
"family:Hexarthridae","Hexarthridae","family"
"order:Ploima","Ploima","order"
"family:Polymastiidae","Polymastiidae","family"
"order:Polymastiida","Polymastiida","order"
"family:Eosentomidae","Eosentomidae","family"
"order:Protura","Protura","order"
"family:Ophidiasteridae","Ophidiasteridae","family"
"family:Ophiotrichidae","Ophiotrichidae","family"
"family:Anoplocephalidae","Anoplocephalidae","family"
"family:Cateriidae","Cateriidae","family"
"order:Cyclorhagida/Allomalorhagida","Cyclorhagida/Allomalorhagida","order"
"family:Argasidae","Argasidae","family"
"family:Spirulidae","Spirulidae","family"
"order:Spirulida","Spirulida","order"
"family:Hormathiidae","Hormathiidae","family"
"family:Scolopendridae","Scolopendridae","family"
"order:Chilopoda","Chilopoda","order"
"family:Ricordeidae","Ricordeidae","family"
"order:Corallimorpharia","Corallimorpharia","order"
"family:Characidae","Characidae","family"
"order:Characiformes","Characiformes","order"
"family:Milnesiidae","Milnesiidae","family"
"order:Apochela","Apochela","order"
"family:Hemiramphidae","Hemiramphidae","family"
"family:Neoechinorhynchidae","Neoechinorhynchidae","family"
"order:Neoechinorhynchida","Neoechinorhynchida","order"
"family:Acteonidae","Acteonidae","family"
"order:Lower Heterobranchia","Lower Heterobranchia","order"
"family:Koonungidae","Koonungidae","family"
"family:Hymedesmiidae","Hymedesmiidae","family"
"order:Poecilosclerida","Poecilosclerida","order"
"family:Torpedinidae","Torpedinidae","family"
"family:Cytheruridae","Cytheruridae","family"
"order:Podocopida","Podocopida","order"
"family:Mecistocephalidae","Mecistocephalidae","family"
"order:Geophilomorpha","Geophilomorpha","order"
"family:Scutigerinidae","Scutigerinidae","family"
"family:Otinidae","Otinidae","family"
"family:Carybdeidae","Carybdeidae","family"
"order:Cubozoa","Cubozoa","order"
"family:Gnathostomulidae","Gnathostomulidae","family"
"family:Amphiporidae","Amphiporidae","family"
"order:Hoplonemertea","Hoplonemertea","order"
"family:Poecilasmatidae","Poecilasmatidae","family"
"family:Procaviidae","Procaviidae","family"
"order:Hyracoidea","Hyracoidea","order"
"family:Monocelididae","Monocelididae","family"
"order:Proseriata","Proseriata","order"
"family:Polyxenidae","Polyxenidae","family"
"order:Polyxenida","Polyxenida","order"
"family:Hymerhabdiidae","Hymerhabdiidae","family"
"order:Agelasida","Agelasida","order"
"family:Chlamydoselachidae","Chlamydoselachidae","family"
"order:Hexanchiformes","Hexanchiformes","order"
"family:Gonyleptidae","Gonyleptidae","family"
"family:Hydrobatidae","Hydrobatidae","family"
"order:Procellariiformes","Procellariiformes","order"
"family:Cavoliniidae","Cavoliniidae","family"
"family:Piscicolidae","Piscicolidae","family"
"order:Rhynchobdellida","Rhynchobdellida","order"
"family:Scyliorhinidae","Scyliorhinidae","family"
"order:Carcharhiniformes","Carcharhiniformes","order"
"family:Stylocordylidae","Stylocordylidae","family"
"order:Suberitida","Suberitida","order"
"family:Asperspinidae","Asperspinidae","family"
"order:Acochlidiacea","Acochlidiacea","order"
"family:Axinellidae","Axinellidae","family"
"family:Gnosonesimidae","Gnosonesimidae","family"
"family:Pseudostichopodidae","Pseudostichopodidae","family"
"family:Dendrogastridae","Dendrogastridae","family"
"order:Dendrogastrida","Dendrogastrida","order"
"family:Chaeropodidae","Chaeropodidae","family"
"family:Mesoraphidiidae","Mesoraphidiidae","family"
"order:Raphidiomorpha","Raphidiomorpha","order"
"family:Dalyelliidae","Dalyelliidae","family"
"order:Rhabdocoela","Rhabdocoela","order"
"family:Amphinomidae","Amphinomidae","family"
"order:Polychaeta","Polychaeta","order"
"family:Ophiolepididae","Ophiolepididae","family"
"family:Geryoniidae","Geryoniidae","family"
"family:Ptilocercidae","Ptilocercidae","family"
"family:Megatheriidae","Megatheriidae","family"
"order:Not available in context","Not available in context","order"
"family:Hyocrinidae","Hyocrinidae","family"
"order:Hyocrinida","Hyocrinida","order"
"family:Semnoderidae","Semnoderidae","family"
"family:Mazocraeidae","Mazocraeidae","family"
"order:Mazocraeidea","Mazocraeidea","order"
"family:Suberitidae","Suberitidae","family"
"family:Muspiceidae","Muspiceidae","family"
"order:Muspiceida","Muspiceida","order"
"family:Cyematidae","Cyematidae","family"
"family:Australiteuthidae","Australiteuthidae","family"
"order:Myopsida","Myopsida","order"
"family:Linguatulidae","Linguatulidae","family"
"order:Porocephalida","Porocephalida","order"
"family:Henicopidae","Henicopidae","family"
"order:Lithobiomorpha","Lithobiomorpha","order"
"family:Cuculidae","Cuculidae","family"
"order:Cuculiformes","Cuculiformes","order"
"family:Eremiaphilidae","Eremiaphilidae","family"
"order:Mantodea","Mantodea","order"
"family:Laganidae","Laganidae","family"
"family:Presbyornithidae","Presbyornithidae","family"
"family:Julidae","Julidae","family"
"family:Haminoeidae","Haminoeidae","family"
"family:Dromornithidae","Dromornithidae","family"
"order:Galloanserae","Galloanserae","order"
"family:Chironomidae","Chironomidae","family"
"family:Laetmogonidae","Laetmogonidae","family"
"family:Pyrosomatidae","Pyrosomatidae","family"
"order:Tunicata","Tunicata","order"
"family:Balanidae","Balanidae","family"
"order:Balanomorpha","Balanomorpha","order"
"family:Bolinopsidae","Bolinopsidae","family"
"order:Ctenophora","Ctenophora","order"
"family:Quadrigyridae","Quadrigyridae","family"
"order:Gyracanthocephala","Gyracanthocephala","order"
"family:Acanthobdellidae","Acanthobdellidae","family"
"order:Acanthobdellida","Acanthobdellida","order"
"family:Nymphonidae","Nymphonidae","family"
"order:Pycnogonida","Pycnogonida","order"
"family:Sternoptychidae","Sternoptychidae","family"
"order:Stomiiformes","Stomiiformes","order"
"family:Gephyrothuriidae","Gephyrothuriidae","family"
"order:Persiculida","Persiculida","order"
"family:Fissurellidae","Fissurellidae","family"
"order:Vetigastropoda","Vetigastropoda","order"
"family:Pyrgomatidae","Pyrgomatidae","family"
"family:Psychocidaridae","Psychocidaridae","family"
"order:Cidaroida","Cidaroida","order"
"family:Styelidae","Styelidae","family"
"family:Anisembiidae","Anisembiidae","family"
"order:Embioptera","Embioptera","order"
"family:Calliostomatidae","Calliostomatidae","family"
"order:Not Applicable (Information not provided)","Not Applicable (Information not provided)","order"
"family:Thecidellinidae","Thecidellinidae","family"
"order:Thecideida","Thecideida","order"
"family:Dercetidae","Dercetidae","family"
"order:Enchodontiformes","Enchodontiformes","order"
"family:Halichondriidae","Halichondriidae","family"
"family:Ancorinidae","Ancorinidae","family"
"order:Tetractinellida","Tetractinellida","order"
"family:Basterotiidae","Basterotiidae","family"
"order:Galeommatida","Galeommatida","order"
"family:Pampatheriidae","Pampatheriidae","family"
"order:Cingulata","Cingulata","order"
"family:Chitonidae","Chitonidae","family"
"family:Macrobiotidae","Macrobiotidae","family"
"family:Pegasidae","Pegasidae","family"
"order:Syngnathiformes","Syngnathiformes","order"
"modality:camouflage","camouflage","modality"
"family:Bagridae","Bagridae","family"
"family:Chromadoridae","Chromadoridae","family"
"order:Chromadorida","Chromadorida","order"
"family:Acipenseridae","Acipenseridae","family"
"order:Acipenseriformes","Acipenseriformes","order"
"family:Atrochidae","Atrochidae","family"
"order:Collothecaceae","Collothecaceae","order"
"family:Geophilidae","Geophilidae","family"
"family:Andrognathidae","Andrognathidae","family"
"order:Platydesmida","Platydesmida","order"
"family:Opisthocomidae","Opisthocomidae","family"
"order:Opisthocomiformes","Opisthocomiformes","order"
"family:Upupidae","Upupidae","family"
"family:Aegothelidae","Aegothelidae","family"
"family:Echiniscidae","Echiniscidae","family"
"order:Echiniscoidea","Echiniscoidea","order"
"family:Mariplanellidae","Mariplanellidae","family"
"family:Tetradonematidae","Tetradonematidae","family"
"family:Scorpaenidae","Scorpaenidae","family"
"family:Myrmeleontidae","Myrmeleontidae","family"
"order:Neuroptera","Neuroptera","order"
"family:Archaeobalanidae","Archaeobalanidae","family"
"family:Echinasteridae","Echinasteridae","family"
"order:Spinulosida","Spinulosida","order"
"family:Neomphalidae","Neomphalidae","family"
"order:Neomphalina","Neomphalina","order"
"family:Brisingidae","Brisingidae","family"
"family:Apodidae","Apodidae","family"
"order:Apodiformes","Apodiformes","order"
"family:Aeolothripidae","Aeolothripidae","family"
"order:Thysanoptera","Thysanoptera","order"
"family:Schendylidae","Schendylidae","family"
"family:Collothecidae","Collothecidae","family"
"family:Hemiscylliidae","Hemiscylliidae","family"
"order:Orectolobiformes","Orectolobiformes","order"
"family:Primnoidae","Primnoidae","family"
"family:Scolopacidae","Scolopacidae","family"
"family:Alestidae","Alestidae","family"
"family:Lithoglyptidae","Lithoglyptidae","family"
"order:Lithoglyptida","Lithoglyptida","order"
"family:Groenlandibelidae","Groenlandibelidae","family"
"family:Godzilliidae","Godzilliidae","family"
"order:Nectiopoda","Nectiopoda","order"
"family:Siphonorhinidae","Siphonorhinidae","family"
"order:Siphonophorida","Siphonophorida","order"
"family:Helicinidae","Helicinidae","family"
"family:Campanulariidae","Campanulariidae","family"
"family:Mantidae","Mantidae","family"
"family:Lacistorhynchidae","Lacistorhynchidae","family"
"order:Trypanorhyncha","Trypanorhyncha","order"
"family:Aphanipathidae","Aphanipathidae","family"
"family:Hexanchidae","Hexanchidae","family"
"family:Monhysteridae","Monhysteridae","family"
"family:Spirastrellidae","Spirastrellidae","family"
"order:Clionaida","Clionaida","order"
"family:Cercopithecidae","Cercopithecidae","family"
"family:Eriophyidae","Eriophyidae","family"
"family:Musophagidae","Musophagidae","family"
"order:Musophagiformes","Musophagiformes","order"
"family:Nausithoidae","Nausithoidae","family"
"family:Chaetodermatidae","Chaetodermatidae","family"
"order:Caudofoveata","Caudofoveata","order"
"family:Rhinidae","Rhinidae","family"
"order:Rhinopristiformes","Rhinopristiformes","order"
"family:Ascopariidae","Ascopariidae","family"
"order:Nemertodermatida","Nemertodermatida","order"
"family:Hemiasteridae","Hemiasteridae","family"
"order:Spatangoida","Spatangoida","order"
"family:Tetraonchoididae","Tetraonchoididae","family"
"order:Gyrodactylidea","Gyrodactylidea","order"
"family:Parasitidae","Parasitidae","family"
"family:Diapleuridae","Diapleuridae","family"
"order:Lychniscosida","Lychniscosida","order"
"family:Vampyroteuthidae","Vampyroteuthidae","family"
"order:Vampyromorphida","Vampyromorphida","order"
"family:Geotriidae","Geotriidae","family"
"order:Not specified in context data","Not specified in context data","order"
"family:Curculionidae","Curculionidae","family"
"order:Coleoptera","Coleoptera","order"
"family:Saleniidae","Saleniidae","family"
"order:Salenioida","Salenioida","order"
"family:Platycopiidae","Platycopiidae","family"
"family:Lepadidae","Lepadidae","family"
"order:Sessilia","Sessilia","order"
"family:Dasyatidae","Dasyatidae","family"
"order:Myliobatiformes","Myliobatiformes","order"
"family:Percopsidae","Percopsidae","family"
"order:Percopsiformes","Percopsiformes","order"
"family:Pleurobrachiidae","Pleurobrachiidae","family"
"family:Columbidae","Columbidae","family"
"order:Columbiformes","Columbiformes","order"
"family:Colobometridae","Colobometridae","family"
"family:Teuthirostriidae","Teuthirostriidae","family"
"family:Melamphaidae","Melamphaidae","family"
"family:Ancyrocephalidae","Ancyrocephalidae","family"
"family:Platytroctidae","Platytroctidae","family"
"order:Alepocephaliformes","Alepocephaliformes","order"
"family:Dentaliidae","Dentaliidae","family"
"order:Dentaliida","Dentaliida","order"
"family:Pedicellasteridae","Pedicellasteridae","family"
"family:Myrmecobiidae","Myrmecobiidae","family"
"family:Comatulidae","Comatulidae","family"
"family:Corallimorphidae","Corallimorphidae","family"
"family:Eurypauropodidae","Eurypauropodidae","family"
"family:Mawsoniidae","Mawsoniidae","family"
"family:Isolaimiidae","Isolaimiidae","family"
"order:Isolaimida","Isolaimida","order"
"family:Ichneumonidae","Ichneumonidae","family"
"family:Erpobdellidae","Erpobdellidae","family"
"order:Arhynchobdellida","Arhynchobdellida","order"
"family:Diapheromeridae","Diapheromeridae","family"
"family:Spathebothriidae","Spathebothriidae","family"
"order:Spathebothriidea","Spathebothriidea","order"
"family:Caenolestidae","Caenolestidae","family"
"order:Paucituberculata","Paucituberculata","order"
"family:Gorgonorhynchidae","Gorgonorhynchidae","family"
"order:Heteronemertea","Heteronemertea","order"
"family:Ischnochitonidae","Ischnochitonidae","family"
"family:Aspidogastridae","Aspidogastridae","family"
"family:Halisarcidae","Halisarcidae","family"
"order:Chondrillida","Chondrillida","order"
"family:Lissodiadematidae","Lissodiadematidae","family"
"family:Protochitonidae","Protochitonidae","family"
"family:Ophiomyxidae","Ophiomyxidae","family"
"family:Thorectidae","Thorectidae","family"
"family:Acanthochitonidae","Acanthochitonidae","family"
"order:Polyplacophora","Polyplacophora","order"
"modality:echolocation","echolocation","modality"
"family:Anthroleucosomatidae","Anthroleucosomatidae","family"
"order:Chordeumatida","Chordeumatida","order"
"family:Axonolaimidae","Axonolaimidae","family"
"order:Araeolaimida","Araeolaimida","order"
"family:Stichopodidae","Stichopodidae","family"
"order:Synallactida","Synallactida","order"
"family:Prokoeneniidae","Prokoeneniidae","family"
"order:Palpigradi","Palpigradi","order"
"family:Leptoceridae","Leptoceridae","family"
"order:Trichoptera","Trichoptera","order"
"family:Paradoxosomatidae","Paradoxosomatidae","family"
"order:Polydesmida","Polydesmida","order"
"family:Gigantorhynchidae","Gigantorhynchidae","family"
"order:Gigantorhynchida","Gigantorhynchida","order"
"family:Perlodidae","Perlodidae","family"
"order:Plecoptera","Plecoptera","order"
"family:Nemouridae","Nemouridae","family"
"family:Lucernariidae","Lucernariidae","family"
"family:Rhynochetidae","Rhynochetidae","family"
"family:Sialidae","Sialidae","family"
"order:Megaloptera","Megaloptera","order"
"family:Toxopneustidae","Toxopneustidae","family"
"family:Arcidae","Arcidae","family"
"family:Sipunculidae","Sipunculidae","family"
"family:Moniliformidae","Moniliformidae","family"
"order:Moniliformida","Moniliformida","order"
"family:Monorhaphididae","Monorhaphididae","family"
"family:Thaumatocyprididae","Thaumatocyprididae","family"
"family:Dugongidae","Dugongidae","family"
"order:Sirenia","Sirenia","order"
"family:Clupeidae","Clupeidae","family"
"order:Clupeiformes","Clupeiformes","order"
"family:Amphilemuridae","Amphilemuridae","family"
"family:Nuculanidae","Nuculanidae","family"
"family:Scutigeridae","Scutigeridae","family"
"family:Congridae","Congridae","family"
"order:Anguilliformes","Anguilliformes","order"
"family:Phlaeothripidae","Phlaeothripidae","family"
"family:Cathetocephalidae","Cathetocephalidae","family"
"order:Tetraphyllidea","Tetraphyllidea","order"
"family:Trichinellidae","Trichinellidae","family"
"family:Chrysopidae","Chrysopidae","family"
"family:Aphredoderidae","Aphredoderidae","family"
"family:Deimatidae","Deimatidae","family"
"family:Ceratomyxidae","Ceratomyxidae","family"
"family:Lytocestidae","Lytocestidae","family"
"family:Kishinouyeidae","Kishinouyeidae","family"
"order:Stauromedusae","Stauromedusae","order"
"family:Euplectellidae","Euplectellidae","family"
"family:Streptocephalidae","Streptocephalidae","family"
"family:Discosomidae","Discosomidae","family"
"family:Cyclophoridae","Cyclophoridae","family"
"order:Architaenioglossa","Architaenioglossa","order"
"family:Asteriidae","Asteriidae","family"
"family:Eurypygidae","Eurypygidae","family"
"order:Eurypygiformes","Eurypygiformes","order"
"family:Lophoproctidae","Lophoproctidae","family"
"family:Diomedeidae","Diomedeidae","family"
"family:Glycymerididae","Glycymerididae","family"
"order:Arcida","Arcida","order"
"family:Polyzoniidae","Polyzoniidae","family"
"order:Polyzoniida","Polyzoniida","order"
"family:Palpophriidae","Palpophriidae","family"
"family:Neelidae","Neelidae","family"
"order:Neelipleona","Neelipleona","order"
"family:Chiropsellidae","Chiropsellidae","family"
"family:Pulsellidae","Pulsellidae","family"
"family:Apterygidae","Apterygidae","family"
"order:Apterygiformes","Apterygiformes","order"
"family:Poeciliidae","Poeciliidae","family"
"order:Cyprinodontiformes","Cyprinodontiformes","order"
"family:Bubaridae","Bubaridae","family"
"order:Bubarida","Bubarida","order"
"family:Caeciliidae","Caeciliidae","family"
"order:Gymnophiona","Gymnophiona","order"
"family:Trachyleberididae","Trachyleberididae","family"
"family:Ophiacanthidae","Ophiacanthidae","family"
"family:Bourletiellidae","Bourletiellidae","family"
"order:Symphypleona","Symphypleona","order"
"family:Cyprinidae","Cyprinidae","family"
"family:Disculicepitidae","Disculicepitidae","family"
"order:Cathetocephalidea","Cathetocephalidea","order"
"family:Seisonidae","Seisonidae","family"
"family:Charinidae","Charinidae","family"
"order:Tailless Whip Scorpions (Amblypygi)","Tailless Whip Scorpions (Amblypygi)","order"
"family:Petromyzontidae","Petromyzontidae","family"
"family:Solenidae","Solenidae","family"
"order:Euheterodonta","Euheterodonta","order"
"family:Pteropodidae","Pteropodidae","family"
"family:Microbiotheriidae","Microbiotheriidae","family"
"order:Microbiotheria","Microbiotheria","order"
"family:Pelagiidae","Pelagiidae","family"
"modality:nociception","nociception","modality"
"family:Notoryctidae","Notoryctidae","family"
"order:Notoryctemorphia","Notoryctemorphia","order"
"family:Cracidae","Cracidae","family"
"order:Galliformes","Galliformes","order"
"family:Leptopsyllidae","Leptopsyllidae","family"
"family:Leucopsacidae","Leucopsacidae","family"
"family:Basiliolidae","Basiliolidae","family"
"order:Rhynchonellida","Rhynchonellida","order"
"family:Aulocystidae","Aulocystidae","family"
"family:Duplorbidae","Duplorbidae","family"
"order:Rhizocephala","Rhizocephala","order"
"family:Ophichthidae","Ophichthidae","family"
"family:Peltogastridae","Peltogastridae","family"
"family:Beroidae","Beroidae","family"
"order:Beroida","Beroida","order"
"family:Myxinidae","Myxinidae","family"
"order:Myxiniformes","Myxiniformes","order"
"family:Thamnocephalidae","Thamnocephalidae","family"
"order:Anostraca","Anostraca","order"
"family:Glyptodontidae","Glyptodontidae","family"
"order:Cingulata (inferred)","Cingulata (inferred)","order"
"family:Hydroptilidae","Hydroptilidae","family"
"family:Echinarachniidae","Echinarachniidae","family"
"family:Squalodontidae","Squalodontidae","family"
"family:Leucotheidae","Leucotheidae","family"
"family:Tubuliporidae","Tubuliporidae","family"
"family:Hynobiidae","Hynobiidae","family"
"family:Plagiorhynchidae","Plagiorhynchidae","family"
"family:Aspidosiphonidae","Aspidosiphonidae","family"
"order:Aspidosiphonida","Aspidosiphonida","order"
"family:Ctenocidaridae","Ctenocidaridae","family"
"family:Pristigasteridae","Pristigasteridae","family"
"family:Echinolampadidae","Echinolampadidae","family"
"order:Cassiduloida","Cassiduloida","order"
"family:Procellariidae","Procellariidae","family"
"family:Machilidae","Machilidae","family"
"modality:hydroreception","hydroreception","modality"
"family:Mastacembelidae","Mastacembelidae","family"
"order:Synbranchiformes","Synbranchiformes","order"
"family:Haemadipsidae","Haemadipsidae","family"
"family:Sminthuridae","Sminthuridae","family"
"family:Spongiphoridae","Spongiphoridae","family"
"family:Paralepididae","Paralepididae","family"
"family:Habrotrochidae","Habrotrochidae","family"
"order:Bdelloida","Bdelloida","order"
"family:Sphenopidae","Sphenopidae","family"
"family:Engraulidae","Engraulidae","family"
"family:Ciconiidae","Ciconiidae","family"
"order:Ciconiiformes","Ciconiiformes","order"
"family:Loricariidae","Loricariidae","family"
"family:Syllidae","Syllidae","family"
"family:Molpadiidae","Molpadiidae","family"
"family:Carditidae","Carditidae","family"
"order:Carditida","Carditida","order"
"family:Pleurobranchidae","Pleurobranchidae","family"
"order:Pleurobranchida","Pleurobranchida","order"
"family:Aetideidae","Aetideidae","family"
"order:Calanoida","Calanoida","order"
"family:Caryophylliidae","Caryophylliidae","family"
"family:Enteroctopodidae","Enteroctopodidae","family"
"family:Pleuronectidae","Pleuronectidae","family"
"order:Pleuronectiformes (inferred)","Pleuronectiformes (inferred)","order"
"family:Arbaciidae","Arbaciidae","family"
"order:Arbacioida","Arbacioida","order"
"family:Gaviidae","Gaviidae","family"
"order:Gaviiformes","Gaviiformes","order"
"family:Polymorphidae","Polymorphidae","family"
"family:Laevidentaliidae","Laevidentaliidae","family"
"family:Mermithidae","Mermithidae","family"
"family:Dorylaimidae","Dorylaimidae","family"
"order:Dorylaimida","Dorylaimida","order"
"family:Calliobothriidae","Calliobothriidae","family"
"family:Prosobothriidae","Prosobothriidae","family"
"family:Gibberichthyidae","Gibberichthyidae","family"
"family:Meropidae","Meropidae","family"
"family:Trichodoridae","Trichodoridae","family"
"order:Triplonchida","Triplonchida","order"
"family:Abacionidae","Abacionidae","family"
"family:Cylichnidae","Cylichnidae","family"
"family:Hyperoodontidae","Hyperoodontidae","family"
"family:Lepidomysidae","Lepidomysidae","family"
"order:Stygiomysida/Mysida","Stygiomysida/Mysida","order"
"family:Timeidae","Timeidae","family"
"order:Tethyida","Tethyida","order"
"family:Pteroclididae","Pteroclididae","family"
"family:Diaptomidae","Diaptomidae","family"
"family:Bucerotidae","Bucerotidae","family"
"family:Loliginidae","Loliginidae","family"
"family:Gyrodactylidae","Gyrodactylidae","family"
"family:Desmacellidae","Desmacellidae","family"
"order:Desmacellida","Desmacellida","order"
"family:Patriomanidae","Patriomanidae","family"
"order:Pholidota (inferred)","Pholidota (inferred)","order"
"family:Notacanthidae","Notacanthidae","family"
"order:Uncertain (Eel-like fishes)","Uncertain (Eel-like fishes)","order"
"family:Neopilinidae","Neopilinidae","family"
"order:Tryblidiida","Tryblidiida","order"
"family:Kudoidae","Kudoidae","family"
"family:Phthiracaridae","Phthiracaridae","family"
"order:Oribatida","Oribatida","order"
"family:Chilodontaidae","Chilodontaidae","family"
"family:Lucinidae","Lucinidae","family"
"order:Not applicable from context","Not applicable from context","order"
"family:Sagittariidae","Sagittariidae","family"
"family:Odontaspididae","Odontaspididae","family"
"family:Bougainvilliidae","Bougainvilliidae","family"
"family:Prolagidae","Prolagidae","family"
"order:Lagomorpha","Lagomorpha","order"
"family:Multicalycidae","Multicalycidae","family"
"family:Heterodontidae","Heterodontidae","family"
"order:Heterodontiformes","Heterodontiformes","order"
"family:Scalpellidae","Scalpellidae","family"
"order:Scalpellomorpha","Scalpellomorpha","order"
"family:Longidoridae","Longidoridae","family"
"order:Nematoda","Nematoda","order"
"family:Idiosepiidae","Idiosepiidae","family"
"order:Idiosepida","Idiosepida","order"
"family:Plagioeciidae","Plagioeciidae","family"
"family:Oneirodidae","Oneirodidae","family"
"family:Ginglymostomatidae","Ginglymostomatidae","family"
"family:Casuariidae","Casuariidae","family"
"family:Eupyrgidae","Eupyrgidae","family"
"family:Chthamalophilidae","Chthamalophilidae","family"
"family:Leptosomidae","Leptosomidae","family"
"order:Leptosomiformes","Leptosomiformes","order"
"family:Acrobothriidae","Acrobothriidae","family"
"family:Mylodontidae","Mylodontidae","family"
"order:Pilosa","Pilosa","order"
"family:Inocelliidae","Inocelliidae","family"
"family:Cleidogonidae","Cleidogonidae","family"
"family:Kollikodontidae","Kollikodontidae","family"
"order:Monotremata (inferred)","Monotremata (inferred)","order"
"family:Lepismatidae","Lepismatidae","family"
"family:Porocephalidae","Porocephalidae","family"
"family:Leptochitonidae","Leptochitonidae","family"
"family:Brachionidae","Brachionidae","family"
"family:Corbulidae","Corbulidae","family"
"order:Myida","Myida","order"
"family:Crassodontidanidae","Crassodontidanidae","family"
"family:Microhylidae","Microhylidae","family"
"family:Molgulidae","Molgulidae","family"
"order:Ascidiacea","Ascidiacea","order"
"family:Archembiidae","Archembiidae","family"
"family:Siphonophoridae","Siphonophoridae","family"
"family:Unionidae","Unionidae","family"
"order:Unionida","Unionida","order"
"family:Spondylidae","Spondylidae","family"
"family:Echinophallidae","Echinophallidae","family"
"order:Bothriocephalidea","Bothriocephalidea","order"
"family:Caprimulgidae","Caprimulgidae","family"
"order:Caprimulgiformes","Caprimulgiformes","order"
"family:Pristiophoridae","Pristiophoridae","family"
"order:Pristiophoriformes","Pristiophoriformes","order"
"family:Cimolichthyidae","Cimolichthyidae","family"
"family:Cephalobaenidae","Cephalobaenidae","family"
"order:Pentastomida","Pentastomida","order"
"family:Notenteridae","Notenteridae","family"
"order:Fecampiida","Fecampiida","order"
"family:Nebaliopsididae","Nebaliopsididae","family"
"family:Craugastoridae","Craugastoridae","family"
"family:Arachnidiidae","Arachnidiidae","family"
"order:Ctenostomatida","Ctenostomatida","order"
"family:Dendyidae","Dendyidae","family"
"family:Dreissenidae","Dreissenidae","family"
"order:Not Applicable","Not Applicable","order"
"family:Melanodrymiidae","Melanodrymiidae","family"
"family:Goniasteridae","Goniasteridae","family"
"family:Trichoplacidae","Trichoplacidae","family"
"family:Amphiuridae","Amphiuridae","family"
"family:Leporidae","Leporidae","family"
"family:Rhizostomatidae","Rhizostomatidae","family"
"order:Scyphozoa","Scyphozoa","order"
"family:Veneridae","Veneridae","family"
"family:Tetrastemmatidae","Tetrastemmatidae","family"
"order:Monostilifera","Monostilifera","order"
"family:Tupaiidae","Tupaiidae","family"
"order:Scandentia","Scandentia","order"
"family:Stephanoberycidae","Stephanoberycidae","family"
"family:Dromaiidae","Dromaiidae","family"
"family:Pelecanidae","Pelecanidae","family"
"order:Pelecaniformes","Pelecaniformes","order"
"family:Epizoanthidae","Epizoanthidae","family"
"family:Thelyphonidae","Thelyphonidae","family"
"order:Uropygi","Uropygi","order"
"family:Cephalotrichidae","Cephalotrichidae","family"
"order:Palaeonemertea","Palaeonemertea","order"
"family:Sphaeriidae","Sphaeriidae","family"
"order:Sphaeriida","Sphaeriida","order"
"family:Centriscidae","Centriscidae","family"
"family:Vetulinidae","Vetulinidae","family"
"order:Sphaerocladina","Sphaerocladina","order"
"family:Micropygidae","Micropygidae","family"
"order:Diadematoida","Diadematoida","order"
"family:Malletiidae","Malletiidae","family"
"family:Corydalidae","Corydalidae","family"
"family:Umbraculidae","Umbraculidae","family"
"order:Umbraculida","Umbraculida","order"
"family:Melanotaeniidae","Melanotaeniidae","family"
"family:Arhynchobatidae","Arhynchobatidae","family"
"family:Trichogypsiidae","Trichogypsiidae","family"
"family:Periphyllidae","Periphyllidae","family"
"family:Chaetostephanidae","Chaetostephanidae","family"
"family:Symbiidae","Symbiidae","family"
"family:Ilbiidae","Ilbiidae","family"
"family:Chromodorididae","Chromodorididae","family"
"family:Perophoridae","Perophoridae","family"
"order:Phlebobranchia","Phlebobranchia","order"
"family:Lycaenidae","Lycaenidae","family"
"family:Berycidae","Berycidae","family"
"family:Opilioacaridae","Opilioacaridae","family"
"order:Opilioacarida","Opilioacarida","order"
"family:Aplysinellidae","Aplysinellidae","family"
"family:Lepidotidae","Lepidotidae","family"
"order:Lepisosteiformes","Lepisosteiformes","order"
"family:Cyprididae","Cyprididae","family"
"family:Cambojiidae","Cambojiidae","family"
"order:Cambojiida","Cambojiida","order"
"family:Fecampiidae","Fecampiidae","family"
"family:Longipediidae","Longipediidae","family"
"order:Polyarthra","Polyarthra","order"
"family:Holasteridae","Holasteridae","family"
"family:Umbridae","Umbridae","family"
"order:Salmoniformes","Salmoniformes","order"
"family:Otohydridae","Otohydridae","family"
"family:Ptychoceratodontidae","Ptychoceratodontidae","family"
"family:Eunicidae","Eunicidae","family"
"family:Korethrasteridae","Korethrasteridae","family"
"order:Velatida","Velatida","order"
"family:Capillariidae","Capillariidae","family"
"family:Ammotheidae","Ammotheidae","family"
"family:Hymenopodidae","Hymenopodidae","family"
"family:Thylacomyidae","Thylacomyidae","family"
"family:Linhomoeidae","Linhomoeidae","family"
"family:Synaptidae","Synaptidae","family"
"family:Alpheidae","Alpheidae","family"
"order:Caridea","Caridea","order"
"modality:sound_production","sound_production","modality"
"family:Fistulariidae","Fistulariidae","family"
"family:Pectinidae","Pectinidae","family"
"order:Ostreida","Ostreida","order"
"family:Osteoglossidae","Osteoglossidae","family"
"family:Momotidae","Momotidae","family"
"order:Coraciiformes","Coraciiformes","order"
"family:Pliciloricidae","Pliciloricidae","family"
"family:Solpugidae","Solpugidae","family"
"order:Solifugae","Solifugae","order"
"family:Chalinidae","Chalinidae","family"
"family:Perlidae","Perlidae","family"
"family:Dactylogyridae","Dactylogyridae","family"
"family:Coliidae","Coliidae","family"
"order:Coliiformes","Coliiformes","order"
"family:Chthoniidae","Chthoniidae","family"
"family:Callyspongiidae","Callyspongiidae","family"
"order:Haplosclerida","Haplosclerida","order"
"family:Salifidae","Salifidae","family"
"family:Nemacheilidae","Nemacheilidae","family"
"order:Cypriniformes","Cypriniformes","order"
"family:Darwinellidae","Darwinellidae","family"
"order:Dendroceratida","Dendroceratida","order"
"family:Entalinidae","Entalinidae","family"
"family:Hirudisomatidae","Hirudisomatidae","family"
"family:Cetomimidae","Cetomimidae","family"
"family:Ardeidae","Ardeidae","family"
"family:Apteronotidae","Apteronotidae","family"
"family:Chiridotidae","Chiridotidae","family"
"order:Apodida","Apodida","order"
"family:Myctophidae","Myctophidae","family"
"order:Myctophiformes","Myctophiformes","order"
"family:Tetraodontidae","Tetraodontidae","family"
"order:Tetraodontiformes","Tetraodontiformes","order"
"family:Hydrobiidae","Hydrobiidae","family"
"order:Littorinimorpha","Littorinimorpha","order"
"family:Xenidae","Xenidae","family"
"order:Strepsiptera","Strepsiptera","order"
"family:Grylloblattidae","Grylloblattidae","family"
"order:Notoptera (or Grylloblattodea)","Notoptera (or Grylloblattodea)","order"
"family:Catostylidae","Catostylidae","family"
"family:Octopodidae","Octopodidae","family"
"family:Turbinidae","Turbinidae","family"
"family:Chimaericolidae","Chimaericolidae","family"
"family:Onchidiidae","Onchidiidae","family"
"family:Ommastrephidae","Ommastrephidae","family"
"family:Stylasteridae","Stylasteridae","family"
"family:Woodburnodontidae","Woodburnodontidae","family"
"family:Rhopalonematidae","Rhopalonematidae","family"
"family:Canuellidae","Canuellidae","family"
"family:Nuttalliellidae","Nuttalliellidae","family"
"order:Ixodida (inferred)","Ixodida (inferred)","order"
"family:Testudinellidae","Testudinellidae","family"
"order:Flosculariaceae","Flosculariaceae","order"
"family:Gordiidae","Gordiidae","family"
"order:Gordioidea","Gordioidea","order"
"family:Cucumariidae","Cucumariidae","family"
"family:Megalonychidae","Megalonychidae","family"
"family:Daphniidae","Daphniidae","family"
"order:Anomopoda","Anomopoda","order"
"family:Katiannidae","Katiannidae","family"
"family:Grantiidae","Grantiidae","family"
"family:Limidae","Limidae","family"
"order:Limida","Limida","order"
"family:Nippotaeniidae","Nippotaeniidae","family"
"order:Nippotaeniidea","Nippotaeniidea","order"
"family:Didelphidae","Didelphidae","family"
"order:Didelphimorphia","Didelphimorphia","order"
"family:Trachipteridae","Trachipteridae","family"
"order:Lampriformes","Lampriformes","order"
"family:Odontopygidae","Odontopygidae","family"
"order:Spirostreptida","Spirostreptida","order"
"family:Olindiidae","Olindiidae","family"
"order:Limnomedusae","Limnomedusae","order"
"family:Ocyropsidae","Ocyropsidae","family"
"family:Apseudidae","Apseudidae","family"
"order:Tanaidacea","Tanaidacea","order"
"family:Gammaridae","Gammaridae","family"
"family:Tytonidae","Tytonidae","family"
"family:Chaudhuriidae","Chaudhuriidae","family"
"order:Synbranchiformes (inferred, based on relation to swamp eels)","Synbranchiformes (inferred, based on relation to swamp eels)","order"
"family:Gosseletinidae","Gosseletinidae","family"
"family:Salpidae","Salpidae","family"
"order:Salpida","Salpida","order"
"family:Triopsidae","Triopsidae","family"
"order:Notostraca","Notostraca","order"
"family:Zorotypidae","Zorotypidae","family"
"order:Zoraptera","Zoraptera","order"
"family:Metaniidae","Metaniidae","family"
"family:Eremobatidae","Eremobatidae","family"
"family:Omomyidae","Omomyidae","family"
"family:Austrolimulidae","Austrolimulidae","family"
"family:Cardiidae","Cardiidae","family"
"family:Didemnidae","Didemnidae","family"
"order:Aplousobranchia","Aplousobranchia","order"
"family:Discinidae","Discinidae","family"
"family:Carabidae","Carabidae","family"
"order:Adephaga","Adephaga","order"
"family:Libellulidae","Libellulidae","family"
"family:Eutetrarhynchidae","Eutetrarhynchidae","family"
"family:Dendrocoelidae","Dendrocoelidae","family"
"order:Tricladida","Tricladida","order"
"family:Spirostreptidae","Spirostreptidae","family"
"family:Rivulidae","Rivulidae","family"
"family:Typhlotanaidae","Typhlotanaidae","family"
"family:Biemnidae","Biemnidae","family"
"family:Prochaetodermatidae","Prochaetodermatidae","family"
"order:Chaetodermomorpha","Chaetodermomorpha","order"
"family:Helicidae","Helicidae","family"
"family:Cytherellidae","Cytherellidae","family"
"order:Platycopida","Platycopida","order"
"family:Ceratodontidae","Ceratodontidae","family"
"family:Coniopterygidae","Coniopterygidae","family"
"family:Plectidae","Plectidae","family"
"family:Lybiidae","Lybiidae","family"
"family:Loxokalypodidae","Loxokalypodidae","family"
"family:Doliopsidae","Doliopsidae","family"
"order:Doliolida","Doliolida","order"
"family:Megaleledonidae","Megaleledonidae","family"
"family:Dilepididae","Dilepididae","family"
"order:Cyclophyllidea","Cyclophyllidea","order"
"family:Bittacidae","Bittacidae","family"
"family:Echinothuriidae","Echinothuriidae","family"
"order:Echinothurioida","Echinothurioida","order"
"family:Polycitoridae","Polycitoridae","family"
"family:Muridae","Muridae","family"
"family:Cretoxyrhinidae","Cretoxyrhinidae","family"
"family:Trachycladidae","Trachycladidae","family"
"order:Trachycladida","Trachycladida","order"
"family:Plakinidae","Plakinidae","family"
"order:Homoscleromorpha","Homoscleromorpha","order"
"family:Otoplanidae","Otoplanidae","family"
"family:Peltospiridae","Peltospiridae","family"
"family:Siboglinidae","Siboglinidae","family"
"family:Phascolosomatidae","Phascolosomatidae","family"
"order:Phascolosomatida","Phascolosomatida","order"
"family:Myliobatidae","Myliobatidae","family"
"family:Rajidae","Rajidae","family"
"family:Molpadiodemidae","Molpadiodemidae","family"
"family:Callipallenidae","Callipallenidae","family"
"family:Lyroctenidae","Lyroctenidae","family"
"family:Nebaliidae","Nebaliidae","family"
"family:Termitidae","Termitidae","family"
"order:Isoptera","Isoptera","order"
"family:Arthrosphaeridae","Arthrosphaeridae","family"
"order:Sphaerotheriida","Sphaerotheriida","order"
"family:Corellidae","Corellidae","family"
"family:Rondeletiidae","Rondeletiidae","family"
"modality:Tominaga's organ","Tominaga's organ","modality"
"family:Probathylepadidae","Probathylepadidae","family"
"family:Aepyornithidae","Aepyornithidae","family"
"order:Aepyornithiformes","Aepyornithiformes","order"
"family:Synallactidae","Synallactidae","family"
"family:Tentaculariidae","Tentaculariidae","family"
"family:Semelidae","Semelidae","family"
"family:Psittacidae","Psittacidae","family"
"order:Psittaciformes","Psittaciformes","order"
"family:Aphelenchoididae","Aphelenchoididae","family"
"order:Aphelenchida","Aphelenchida","order"
"family:Misophriidae","Misophriidae","family"
"order:Misophrioida","Misophrioida","order"
"family:Notommatidae","Notommatidae","family"
"family:Ichthyophiidae","Ichthyophiidae","family"
"family:Neoscopelidae","Neoscopelidae","family"
"family:Nanaloricidae","Nanaloricidae","family"
"family:Braconidae","Braconidae","family"
"family:Siphonopidae","Siphonopidae","family"
"family:Ascidiidae","Ascidiidae","family"
"family:Bonelliidae","Bonelliidae","family"
"order:Echiura","Echiura","order"
"family:Sclerosomatidae","Sclerosomatidae","family"
"family:Reighardiidae","Reighardiidae","family"
"order:Reighardiida","Reighardiida","order"
"family:Merliidae","Merliidae","family"
"family:Entomobryidae","Entomobryidae","family"
"family:Petalophthalmidae","Petalophthalmidae","family"
"order:Mysida","Mysida","order"
"family:Acrididae","Acrididae","family"
"order:Caelifera","Caelifera","order"
"family:Leucettidae","Leucettidae","family"
"family:Centroderidae","Centroderidae","family"
"family:Gobiesocidae","Gobiesocidae","family"
"family:Microcotylidae","Microcotylidae","family"
"order:Polyopisthocotylea","Polyopisthocotylea","order"
"family:Halammohydridae","Halammohydridae","family"
"order:Actinulida","Actinulida","order"
"family:Trichuridae","Trichuridae","family"
"order:Trichocephalida","Trichocephalida","order"
"family:Parajulidae","Parajulidae","family"
"family:Alepocephalidae","Alepocephalidae","family"
"family:Blaberidae","Blaberidae","family"
"order:Blattodea","Blattodea","order"
"family:Thecideidae","Thecideidae","family"
"family:Bucephalidae","Bucephalidae","family"
"order:Trematoda","Trematoda","order"
"family:Chelodesmidae","Chelodesmidae","family"
"family:Cirolanidae","Cirolanidae","family"
"family:Cobitidae","Cobitidae","family"
"family:Macroscelididae","Macroscelididae","family"
"order:Macroscelidea","Macroscelidea","order"
"family:Philodinidae","Philodinidae","family"
"order:Bdelloidea","Bdelloidea","order"
"family:Macropodidae","Macropodidae","family"
"order:Macropodiformes","Macropodiformes","order"
"family:Halicreatidae","Halicreatidae","family"
"order:Hydroida","Hydroida","order"
"family:Paronellidae","Paronellidae","family"
"family:Cocculinidae","Cocculinidae","family"
"order:Gastropoda","Gastropoda","order"
"family:Gasterosteidae","Gasterosteidae","family"
"family:Trochidae","Trochidae","family"
"family:Aphididae","Aphididae","family"
"order:Hemiptera","Hemiptera","order"
"family:Farreidae","Farreidae","family"
"family:Gruidae","Gruidae","family"
"family:Lophotidae","Lophotidae","family"
"family:Triloculariidae","Triloculariidae","family"
"family:Neritidae","Neritidae","family"
"family:Polynoidae","Polynoidae","family"
"family:Typhloplanidae","Typhloplanidae","family"
"family:Gonostomatidae","Gonostomatidae","family"
"family:Podicipedidae","Podicipedidae","family"
"order:Podicipediformes","Podicipediformes","order"
"family:Stomopneustidae","Stomopneustidae","family"
"family:Ochotonidae","Ochotonidae","family"
"family:Craniidae","Craniidae","family"
"order:Craniida","Craniida","order"
"family:Ctenoplanidae","Ctenoplanidae","family"
"order:Platyctenida","Platyctenida","order"
"family:Echinostomatidae","Echinostomatidae","family"
"order:Plagiorchiida","Plagiorchiida","order"
"family:Argulidae","Argulidae","family"
"order:Arguloida","Arguloida","order"
"family:Amblyopsidae","Amblyopsidae","family"
"family:Macrouridae","Macrouridae","family"
"order:Gadiformes","Gadiformes","order"
"family:Erinaceidae","Erinaceidae","family"
"family:Gadilinidae","Gadilinidae","family"
"family:Prorhynchidae","Prorhynchidae","family"
"order:Lecithoepitheliata","Lecithoepitheliata","order"
"family:Cylindroleberididae","Cylindroleberididae","family"
"family:Odontophoridae","Odontophoridae","family"
"family:Proporidae","Proporidae","family"
"family:Leptophlebiidae","Leptophlebiidae","family"
"family:Zeidae","Zeidae","family"
"order:Zeiformes","Zeiformes","order"
"family:Margaritiferidae","Margaritiferidae","family"
"family:Neobisiidae","Neobisiidae","family"
"family:Tobrilidae","Tobrilidae","family"
"family:Pachybolidae","Pachybolidae","family"
"family:Furnariidae","Furnariidae","family"
"family:Hypogastruridae","Hypogastruridae","family"
"family:Hubbardiidae","Hubbardiidae","family"
"order:Schizomida","Schizomida","order"
"family:Stylopidae","Stylopidae","family"
"family:Podargidae","Podargidae","family"
"order:Podargiformes","Podargiformes","order"
"family:Schizasteridae","Schizasteridae","family"
"family:Heterokrohniidae","Heterokrohniidae","family"
"family:Galeommatidae","Galeommatidae","family"
"family:Phoenicopteridae","Phoenicopteridae","family"
"order:Phoenicopteriformes","Phoenicopteriformes","order"
"family:Mormyridae","Mormyridae","family"
"family:Stemmiulidae","Stemmiulidae","family"
"order:Stemmiulida","Stemmiulida","order"
"family:Polycystididae","Polycystididae","family"
"family:Ianthellidae","Ianthellidae","family"
"family:Xystodesmidae","Xystodesmidae","family"
"family:Ectobiidae","Ectobiidae","family"
"family:Gryphaeidae","Gryphaeidae","family"
"family:Leptolaimidae","Leptolaimidae","family"
"family:Echinoneidae","Echinoneidae","family"
"order:Echinoneoida","Echinoneoida","order"
"family:Forficulidae","Forficulidae","family"
"family:Dioecotaeniidae","Dioecotaeniidae","family"
"family:Eurypholidae","Eurypholidae","family"
"family:Ascothoracidae","Ascothoracidae","family"
"family:Anatidae","Anatidae","family"
"order:Anseriformes","Anseriformes","order"
"family:Hemiasterellidae","Hemiasterellidae","family"
"family:Zephroniidae","Zephroniidae","family"
"family:Ctenosculidae","Ctenosculidae","family"
"family:Sternopygidae","Sternopygidae","family"
"family:Hydropsychidae","Hydropsychidae","family"
"family:Dugesiidae","Dugesiidae","family"
"family:Agelasidae","Agelasidae","family"
"family:Rissoidae","Rissoidae","family"
"family:Doliopsoididae","Doliopsoididae","family"
"family:Salamandridae","Salamandridae","family"
"family:Picidae","Picidae","family"
"order:Piciformes","Piciformes","order"
"family:Alcedinidae","Alcedinidae","family"
"family:Alcyonidiidae","Alcyonidiidae","family"
"family:Pseudorhinidae","Pseudorhinidae","family"
"family:Synagogidae","Synagogidae","family"
"family:Cassiopeidae","Cassiopeidae","family"
"family:Cryptophialidae","Cryptophialidae","family"
"order:Cryptophialida","Cryptophialida","order"
"family:Aspidodiadematidae","Aspidodiadematidae","family"
"family:Bovidae","Bovidae","family"
"modality:vocalization","vocalization","modality"
"family:Cyaneidae","Cyaneidae","family"
"family:Siphonocryptidae","Siphonocryptidae","family"
"order:Siphonocryptida","Siphonocryptida","order"
"family:Celleporidae","Celleporidae","family"
"order:Cheilostomatida","Cheilostomatida","order"
"family:Siphonotidae","Siphonotidae","family"
"family:Euryalidae","Euryalidae","family"
"family:Myriotrochidae","Myriotrochidae","family"
"family:Batillipedidae","Batillipedidae","family"
"family:Camacolaimidae","Camacolaimidae","family"
"family:Lineidae","Lineidae","family"
"order:Nemertea","Nemertea","order"
"family:Barbourisiidae","Barbourisiidae","family"
"family:Aglaopheniidae","Aglaopheniidae","family"
"family:Pterasteridae","Pterasteridae","family"
"family:Holothuriidae","Holothuriidae","family"
"family:Gonodactylidae","Gonodactylidae","family"
"family:Speleophriidae","Speleophriidae","family"
"family:Kneriidae","Kneriidae","family"
"family:Halechiniscidae","Halechiniscidae","family"
"family:Tachyglossidae","Tachyglossidae","family"
"order:Monotremata","Monotremata","order"
"family:Solemyidae","Solemyidae","family"
"family:Ellisellidae","Ellisellidae","family"
"order:Scleralcyonacea","Scleralcyonacea","order"
"family:Lithobiidae","Lithobiidae","family"
"family:Raphidiidae","Raphidiidae","family"
"order:Raphidioptera","Raphidioptera","order"
"family:Morlockiidae","Morlockiidae","family"
"order:Remipedia","Remipedia","order"
"family:Haplognathiidae","Haplognathiidae","family"
"order:Filospermoidea","Filospermoidea","order"
"family:Acanthocotylidae","Acanthocotylidae","family"
"family:Lasaeidae","Lasaeidae","family"
"family:Narkidae","Narkidae","family"
"family:Pseudocheiridae","Pseudocheiridae","family"
"family:Caligidae","Caligidae","family"
"family:Anhingidae","Anhingidae","family"
"family:Lepisosteidae","Lepisosteidae","family"
"family:Amiidae","Amiidae","family"
"family:Syngnathidae","Syngnathidae","family"
"family:Xyloplacidae","Xyloplacidae","family"
"order:Peripodida","Peripodida","order"
"family:Oxystominidae","Oxystominidae","family"
"family:Cuninidae","Cuninidae","family"
"family:Campodeidae","Campodeidae","family"
"order:Diplura","Diplura","order"
"family:Trichechidae","Trichechidae","family"
"family:Urnaloricidae","Urnaloricidae","family"
"order:Loricifera","Loricifera","order"
"family:Laridae","Laridae","family"
"family:Lepidoleuconidae","Lepidoleuconidae","family"
"order:Baerida","Baerida","order"
"family:Miraciidae","Miraciidae","family"
"family:Thyasiridae","Thyasiridae","family"
"order:Lucinida","Lucinida","order"
"family:Thompsoniidae","Thompsoniidae","family"
"order:Akentrogonida","Akentrogonida","order"
"family:Pselliodidae","Pselliodidae","family"
"family:Sinamiidae","Sinamiidae","family"
"family:Mytilidae","Mytilidae","family"
"order:Mytilida","Mytilida","order"
"family:Cyclopidae","Cyclopidae","family"
"family:Geodiidae","Geodiidae","family"
"family:Valenciniidae","Valenciniidae","family"
"family:Clathrinidae","Clathrinidae","family"
"order:Clathrinida","Clathrinida","order"
"family:Hypoptychidae","Hypoptychidae","family"
"family:Tenuisentidae","Tenuisentidae","family"
"family:Ricinoididae","Ricinoididae","family"
"order:Ricinulei","Ricinulei","order"
"family:Chiropsalmidae","Chiropsalmidae","family"
"family:Dracoderidae","Dracoderidae","family"
"family:Agalmatidae","Agalmatidae","family"
"family:Potamotrygonidae","Potamotrygonidae","family"
"family:Carcharhinidae","Carcharhinidae","family"
"family:Pliohyracidae","Pliohyracidae","family"
"family:Schizopathidae","Schizopathidae","family"
"family:Gomphotheriidae","Gomphotheriidae","family"
"family:Phytoseiidae","Phytoseiidae","family"
"family:Coenagrionidae","Coenagrionidae","family"
"family:Myxasteridae","Myxasteridae","family"
"family:Cryptolobatidae","Cryptolobatidae","family"
"order:Cryptolobiferida","Cryptolobiferida","order"
"family:Harpagophoridae","Harpagophoridae","family"
"family:Ostreidae","Ostreidae","family"
"family:Monstrillidae","Monstrillidae","family"
"order:Monstrilloida","Monstrilloida","order"
"family:Conidae","Conidae","family"
"family:Linyphiidae","Linyphiidae","family"
"family:Cacatuidae","Cacatuidae","family"
"family:Brissidae","Brissidae","family"
"family:Opisthodactylidae","Opisthodactylidae","family"
"family:Hyriidae","Hyriidae","family"
"family:Chimaeridae","Chimaeridae","family"
"family:Mormonillidae","Mormonillidae","family"
"order:Mormonilloida","Mormonilloida","order"
"family:Comesomatidae","Comesomatidae","family"
"family:Psolidae","Psolidae","family"
"family:Diclidophoridae","Diclidophoridae","family"
"family:Bothrioplanidae","Bothrioplanidae","family"
"order:Bothrioplanida","Bothrioplanida","order"
"family:Glomeridesmidae","Glomeridesmidae","family"
"order:Glomeridesmida","Glomeridesmida","order"
"family:Robertdollfusidae","Robertdollfusidae","family"
"family:Mactridae","Mactridae","family"
"family:Mesothuriidae","Mesothuriidae","family"
"order:Holothuriida","Holothuriida","order"
"family:Trilosporidae","Trilosporidae","family"
"family:Merycoidodontidae","Merycoidodontidae","family"
"family:Lecanidae","Lecanidae","family"
"family:Chondrillidae","Chondrillidae","family"
"family:Paguridae","Paguridae","family"
"family:Phormosomatidae","Phormosomatidae","family"
"family:Desmanthidae","Desmanthidae","family"
"family:Embiidae","Embiidae","family"
"family:Parabathynellidae","Parabathynellidae","family"
"family:Titanohyracidae","Titanohyracidae","family"
"family:Gadidae","Gadidae","family"
"family:Craspedosomatidae","Craspedosomatidae","family"
"family:Spiralizoridae","Spiralizoridae","family"
"family:Rhinobatidae","Rhinobatidae","family"
"order:Rhinobatiformes","Rhinobatiformes","order"
"family:Carapidae","Carapidae","family"
"family:Eukoeneniidae","Eukoeneniidae","family"
"family:Bothidae","Bothidae","family"
"order:Pleuronectiformes","Pleuronectiformes","order"
"family:Mysidae","Mysidae","family"
"family:Nannosquillidae","Nannosquillidae","family"
"order:Stomatopoda","Stomatopoda","order"
"family:Ogcocephalidae","Ogcocephalidae","family"
"family:Rhinocerotidae","Rhinocerotidae","family"
"family:Sepiolidae","Sepiolidae","family"
"family:Cidaridae","Cidaridae","family"
"family:Tettigoniidae","Tettigoniidae","family"
"order:Orthoptera","Orthoptera","order"
"family:Psocidae","Psocidae","family"
"family:Calliotropidae","Calliotropidae","family"
"family:Pteriidae","Pteriidae","family"
"order:Pteriida","Pteriida","order"
"family:Nautilidae","Nautilidae","family"
"family:Murchisoniidae","Murchisoniidae","family"
"family:Oreosomatidae","Oreosomatidae","family"
"family:Scissurellidae","Scissurellidae","family"
"family:Apororhynchidae","Apororhynchidae","family"
"order:Apororhynchida","Apororhynchida","order"
"family:Polyclinidae","Polyclinidae","family"
"family:Palaelodidae","Palaelodidae","family"
"family:Squalidae","Squalidae","family"
"family:Protostrigidae","Protostrigidae","family"
"order:Strigiformes (inferred)","Strigiformes (inferred)","order"
"family:Ctenophthalmidae","Ctenophthalmidae","family"
"family:Discodorididae","Discodorididae","family"
"family:Regalecidae","Regalecidae","family"
"family:Tyrannidae","Tyrannidae","family"
"family:Sacculinidae","Sacculinidae","family"
"family:Craterostigmidae","Craterostigmidae","family"
"order:Craterostigmomorpha","Craterostigmomorpha","order"
"family:Diadematidae","Diadematidae","family"
"family:Psittaculidae","Psittaculidae","family"
"family:Placospongiidae","Placospongiidae","family"
"family:Anatonchidae","Anatonchidae","family"
"family:Petrarcidae","Petrarcidae","family"
"family:Haliclystidae","Haliclystidae","family"
"family:Coelacanthidae","Coelacanthidae","family"
"family:Nassariidae","Nassariidae","family"
"order:Neogastropoda","Neogastropoda","order"
"family:Gorgoniidae","Gorgoniidae","family"
"order:Malacalcyonacea","Malacalcyonacea","order"
"family:Peradectidae","Peradectidae","family"
"family:Scolecitrichidae","Scolecitrichidae","family"
"family:Camaenidae","Camaenidae","family"
"family:Squillidae","Squillidae","family"
"family:Cyartonematidae","Cyartonematidae","family"
"family:Diplopeltidae","Diplopeltidae","family"
"family:Criconematidae","Criconematidae","family"
"order:Tylenchida","Tylenchida","order"
"family:Phyllobothriidae","Phyllobothriidae","family"
"order:Phyllobothriidea","Phyllobothriidea","order"
"family:Astartidae","Astartidae","family"
"family:Physeteridae","Physeteridae","family"
"family:Chydoridae","Chydoridae","family"
"family:Glomeridae","Glomeridae","family"
"family:Ototyphlonemertidae","Ototyphlonemertidae","family"
"family:Salmonidae","Salmonidae","family"
"family:Crassatellidae","Crassatellidae","family"
"family:Esocidae","Esocidae","family"
"family:Atherinidae","Atherinidae","family"
"order:Atheriniformes","Atheriniformes","order"
"family:Anhimidae","Anhimidae","family"
"family:Baeriidae","Baeriidae","family"
"family:Isselicrinidae","Isselicrinidae","family"
"order:Isocrinida","Isocrinida","order"
"family:Charadriidae","Charadriidae","family"
"family:Sepiidae","Sepiidae","family"
"order:Sepiida","Sepiida","order"
"family:Microlaimidae","Microlaimidae","family"
"family:Euretidae","Euretidae","family"
"family:Austrognathiidae","Austrognathiidae","family"
"family:Zeniontidae","Zeniontidae","family"
"family:Cottidae","Cottidae","family"
"family:Oscarellidae","Oscarellidae","family"
"order:Homosclerophorida","Homosclerophorida","order"
"family:Balistidae","Balistidae","family"
"family:Thripidae","Thripidae","family"
"order:Thysanoptera (inferred)","Thysanoptera (inferred)","order"
"family:Ceratophyllidae","Ceratophyllidae","family"
"family:Polyodontidae","Polyodontidae","family"
"family:Trogonidae","Trogonidae","family"
"order:Trogoniformes","Trogoniformes","order"
"family:Elpidiidae","Elpidiidae","family"
"order:OrderName","OrderName","order"
"family:Proteocephalidae","Proteocephalidae","family"
"family:Buthidae","Buthidae","family"
"family:Viviparidae","Viviparidae","family"
"family:Belosaepiidae","Belosaepiidae","family"
"family:Miridae","Miridae","family"
"order:Heteroptera","Heteroptera","order"
"family:Canthocamptidae","Canthocamptidae","family"
"family:Schizopetalidae","Schizopetalidae","family"
"family:Ganeshidae","Ganeshidae","family"
"order:Ganeshida","Ganeshida","order"
"family:Onychoteuthidae","Onychoteuthidae","family"
"family:Phrynichidae","Phrynichidae","family"
"family:Serpulidae","Serpulidae","family"
"family:Epsilonematidae","Epsilonematidae","family"
"family:Thermozodiidae","Thermozodiidae","family"
"order:Mesotardigrada","Mesotardigrada","order"
"family:Spirobolidae","Spirobolidae","family"
"family:Chimaerocestidae","Chimaerocestidae","family"
"family:Cecidomyiidae","Cecidomyiidae","family"
"family:Pterognathiidae","Pterognathiidae","family"
"family:Lonchodidae","Lonchodidae","family"
"family:Mesitornithidae","Mesitornithidae","family"
"family:Polystomatidae","Polystomatidae","family"
"family:Halictophagidae","Halictophagidae","family"
"family:Batrachoididae","Batrachoididae","family"
"order:Batrachoidiformes","Batrachoidiformes","order"
"family:Dendronucleatidae","Dendronucleatidae","family"
"order:Archiacanthocephala","Archiacanthocephala","order"
"family:Selachinematidae","Selachinematidae","family"
"family:Alatinidae","Alatinidae","family"
"family:Salticidae","Salticidae","family"
"family:Calcitronidae","Calcitronidae","family"
"order:Unknown (Possibly Schizomida)","Unknown (Possibly Schizomida)","order"
"family:Nemertodermatidae","Nemertodermatidae","family"
"order:Acoelomorpha","Acoelomorpha","order"
"family:Gonorynchidae","Gonorynchidae","family"
"order:Gonorynchiformes","Gonorynchiformes","order"
"family:Triakidae","Triakidae","family"
"order:Ground Sharks","Ground Sharks","order"
"family:Acerentomidae","Acerentomidae","family"
"family:Phrynidae","Phrynidae","family"
"order:Amblypygi","Amblypygi","order"
"family:Orectolobidae","Orectolobidae","family"
"family:Chrysochloridae","Chrysochloridae","family"
"family:Genostomatidae","Genostomatidae","family"
"family:Scopalinidae","Scopalinidae","family"
"order:Scopalinida","Scopalinida","order"
"family:Histiostomatidae","Histiostomatidae","family"
"order:Astigmata","Astigmata","order"
"family:Hydractiniidae","Hydractiniidae","family"
"family:Eukrohniidae","Eukrohniidae","family"
"family:Phaethontidae","Phaethontidae","family"
"order:Phaethontiformes","Phaethontiformes","order"
"family:Ophiohelidae","Ophiohelidae","family"
"order:Ophioscolecida","Ophioscolecida","order"
"family:Hydrocenidae","Hydrocenidae","family"
"order:Cycloneritimorpha","Cycloneritimorpha","order"
"family:Gryllidae","Gryllidae","family"
"modality: Mechanoreception (antennae)"," Mechanoreception (antennae)","modality"
"family:Halosbaenidae","Halosbaenidae","family"
"family:Capsalidae","Capsalidae","family"
"order:Monopisthocotylea","Monopisthocotylea","order"
"family:Halosauridae","Halosauridae","family"
"order:Notacanthiformes","Notacanthiformes","order"
"family:Membraniporidae","Membraniporidae","family"
"family:Pourtalesiidae","Pourtalesiidae","family"
"order:Holasteroida","Holasteroida","order"
"family:Hirudinidae","Hirudinidae","family"
"family:Giganthorhynchidae","Giganthorhynchidae","family"
"family:Hercoglossidae","Hercoglossidae","family"
"family:Cranchiidae","Cranchiidae","family"
"order:Oegopsida","Oegopsida","order"
"family:Mononchidae","Mononchidae","family"
"family:Pomphorhynchidae","Pomphorhynchidae","family"
"family:Cliidae","Cliidae","family"
"family:Pseudostomidae","Pseudostomidae","family"
"family:Obolidae","Obolidae","family"
"family:Triaenophoridae","Triaenophoridae","family"
"family:Limulidae","Limulidae","family"
"family:Ellobiidae","Ellobiidae","family"
"family:Asterocheridae","Asterocheridae","family"
"family:Potamolepidae","Potamolepidae","family"
"family:Bathyteuthidae","Bathyteuthidae","family"
"family:Cryptopidae","Cryptopidae","family"
"family:Carukiidae","Carukiidae","family"
"family:Subtriquetridae","Subtriquetridae","family"
"family:Echinidae","Echinidae","family"
"order:Camarodonta","Camarodonta","order"
"family:Callorhinchidae","Callorhinchidae","family"
"order:Chimaeriformes","Chimaeriformes","order"
"family:Diastylidae","Diastylidae","family"
"order:Cumacea","Cumacea","order"
"family:Pterosagittidae","Pterosagittidae","family"
"family:Nannastacidae","Nannastacidae","family"
"family:Protosirenidae","Protosirenidae","family"
"family:Synbranchidae","Synbranchidae","family"
"family:Cynocephalidae","Cynocephalidae","family"
"order:Dermoptera","Dermoptera","order"
"family:Benthopectinidae","Benthopectinidae","family"
"order:Notomyotida","Notomyotida","order"
"family:Tethyidae","Tethyidae","family"
"family:Limnadiidae","Limnadiidae","family"
"order:Spinicaudata","Spinicaudata","order"
"family:Mycalidae","Mycalidae","family"
"family:Dinonemertidae","Dinonemertidae","family"
"order:Polystilifera","Polystilifera","order"
"family:Anostomidae","Anostomidae","family"
"family:Nothobranchiidae","Nothobranchiidae","family"
"family:Trypetesidae","Trypetesidae","family"
"family:Pedicellinidae","Pedicellinidae","family"
"order:Entoprocta","Entoprocta","order"
"family:Microhydrulidae","Microhydrulidae","family"
"family:Groeberiidae","Groeberiidae","family"
"family:Synxenidae","Synxenidae","family"
"family:Gorgonocephalidae","Gorgonocephalidae","family"
"order:Ophiuroidea","Ophiuroidea","order"
"family:Monacanthidae","Monacanthidae","family"
"family:Daesiidae","Daesiidae","family"
"family:Faujasiidae","Faujasiidae","family"
"family:Ozobranchidae","Ozobranchidae","family"
"order:Hirudinea","Hirudinea","order"
"family:Ceratopogonidae","Ceratopogonidae","family"
"family:Coelogynoporidae","Coelogynoporidae","family"
"family:Plumatellidae","Plumatellidae","family"
"family:Gobiidae","Gobiidae","family"
"order:Gobiiformes","Gobiiformes","order"
"family:Sclerorhynchidae","Sclerorhynchidae","family"
"order:Sclerorhynchoidei","Sclerorhynchoidei","order"
"family:Lingulidae","Lingulidae","family"
"order:Lingulata","Lingulata","order"
"family:Cladtertiidae","Cladtertiidae","family"
"order:Hoilungea","Hoilungea","order"
"family:Rhabdopleuridae","Rhabdopleuridae","family"
"order:Rhabdopleurida","Rhabdopleurida","order"
"family:Echinorhynchidae","Echinorhynchidae","family"
"family:Lophopodidae","Lophopodidae","family"
"family:Dasyleptidae","Dasyleptidae","family"
"family:Leptocheliidae","Leptocheliidae","family"
"family:Cypridinidae","Cypridinidae","family"
"order:Ostracoda","Ostracoda","order"
"family:Flosculariidae","Flosculariidae","family"
"family:Ameiridae","Ameiridae","family"
"order:Harpacticoida","Harpacticoida","order"
"family:Vesiculariidae","Vesiculariidae","family"
"family:Hexabothriidae","Hexabothriidae","family"
"family:Myxobolidae","Myxobolidae","family"
"order:Malacosporea","Malacosporea","order"
"family:Parallelodontidae","Parallelodontidae","family"
"family:Solmarisidae","Solmarisidae","family"
"family:Branchiobdellidae","Branchiobdellidae","family"
"order:Branchiobdellida","Branchiobdellida","order"
"family:Opecoelidae","Opecoelidae","family"
"family:Praenuculidae","Praenuculidae","family"
"family:Chordodidae","Chordodidae","family"
"family:Glossiphoniidae","Glossiphoniidae","family"
"family:Dictyodendrillidae","Dictyodendrillidae","family"
"family:Nuculidae","Nuculidae","family"
"order:Nuculida","Nuculida","order"
"family:Eotomariidae","Eotomariidae","family"
"family:Adinetidae","Adinetidae","family"
"family:Plagiomenidae","Plagiomenidae","family"
"family:Reduviidae","Reduviidae","family"
"family:Buprestidae","Buprestidae","family"
"family:Bodotriidae","Bodotriidae","family"
"family:Fluvioviridavidae","Fluvioviridavidae","family"
"family:Veronicellidae","Veronicellidae","family"
"family:Pomacentridae","Pomacentridae","family"
"family:Onchobothriidae","Onchobothriidae","family"
"order:Onchoproteocephalidea","Onchoproteocephalidea","order"
"family:Trachichthyidae","Trachichthyidae","family"
"family:Threskiornithidae","Threskiornithidae","family"
"family:Polyacanthorhynchidae","Polyacanthorhynchidae","family"
"family:Qudsianematidae","Qudsianematidae","family"
"family:Runcinidae","Runcinidae","family"
"family:Lophogastridae","Lophogastridae","family"
"family:Spheniscidae","Spheniscidae","family"
"order:Not Specified in Context","Not Specified in Context","order"
"family:Abyssochitonidae","Abyssochitonidae","family"
"order:Lepidopleurida","Lepidopleurida","order"
"family:Tenrecidae","Tenrecidae","family"
"order:Afrosoricida","Afrosoricida","order"
"family:Dioctophymatidae","Dioctophymatidae","family"
"order:Ascaridida","Ascaridida","order"
"family:Doliolidae","Doliolidae","family"
"family:Vaejovidae","Vaejovidae","family"
"family:Protentomidae","Protentomidae","family"
"family:Megalopidae","Megalopidae","family"
"order:Elopiformes","Elopiformes","order"
"family:Kamptosomatidae","Kamptosomatidae","family"
"family:Termitodesmidae","Termitodesmidae","family"
"family:Phorusrhacidae","Phorusrhacidae","family"
"family:Dasypodidae","Dasypodidae","family"
"family:Hiatellidae","Hiatellidae","family"
"family:Atherinopsidae","Atherinopsidae","family"
"family:Sertulariidae","Sertulariidae","family"
"family:Caturidae","Caturidae","family"
"order:Amiiformes","Amiiformes","order"
"family:Plagiostomidae","Plagiostomidae","family"
"family:Heteropiidae","Heteropiidae","family"
"family:Platydesmidae","Platydesmidae","family"
"family:Sciuridae","Sciuridae","family"
"family:Ancylodiscoididae","Ancylodiscoididae","family"
"order:Dactylogyridea","Dactylogyridea","order"
"family:Nicoletiidae","Nicoletiidae","family"
"family:Thoracostomopsidae","Thoracostomopsidae","family"
"family:Dictyonellidae","Dictyonellidae","family"
"family:Isodiametridae","Isodiametridae","family"
"family:Tortricidae","Tortricidae","family"
"family:Speleonectidae","Speleonectidae","family"
"family:Hoilungidae","Hoilungidae","family"
"order:Placozoa","Placozoa","order"
"family:Bugulidae","Bugulidae","family"
"family:Drepanophoridae","Drepanophoridae","family"
"family:Muricidae","Muricidae","family"
"family:Peipiaosteidae","Peipiaosteidae","family"
"family:Pelagonemertidae","Pelagonemertidae","family"
"family:Mixodectidae","Mixodectidae","family"
"family:Bothriocephalidae","Bothriocephalidae","family"
"family:Kelaenidae","Kelaenidae","family"
"family:Coeloplanidae","Coeloplanidae","family"
